Scanning datasets/socofing_subset ...
Found 2985 images across 1000 identities.
Extracting templates (full pipeline) ...
  [1/2985] 100__M_Left_index  <-  100__M_Left_index_1.BMP  (50 minutiae)
  [2/2985] 100__M_Left_index  <-  100__M_Left_index_2.BMP  (50 minutiae)
  [3/2985] 100__M_Left_index  <-  100__M_Left_index_3.BMP  (50 minutiae)
  [4/2985] 100__M_Left_little  <-  100__M_Left_little_1.BMP  (50 minutiae)
  [5/2985] 100__M_Left_little  <-  100__M_Left_little_2.BMP  (50 minutiae)
  [6/2985] 100__M_Left_little  <-  100__M_Left_little_3.BMP  (50 minutiae)
  [7/2985] 100__M_Left_middle  <-  100__M_Left_middle_1.BMP  (50 minutiae)
  [8/2985] 100__M_Left_middle  <-  100__M_Left_middle_2.BMP  (50 minutiae)
  [9/2985] 100__M_Left_middle  <-  100__M_Left_middle_3.BMP  (50 minutiae)
  [10/2985] 100__M_Left_ring  <-  100__M_Left_ring_1.BMP  (50 minutiae)
  [11/2985] 100__M_Left_ring  <-  100__M_Left_ring_2.BMP  (50 minutiae)
  [12/2985] 100__M_Left_ring  <-  100__M_Left_ring_3.BMP  (50 minutiae)
  [13/2985] 100__M_Left_thumb  <-  100__M_Left_thumb_1.BMP  (50 minutiae)
  [14/2985] 100__M_Left_thumb  <-  100__M_Left_thumb_2.BMP  (50 minutiae)
  [15/2985] 100__M_Left_thumb  <-  100__M_Left_thumb_3.BMP  (50 minutiae)
  [16/2985] 100__M_Right_index  <-  100__M_Right_index_1.BMP  (50 minutiae)
  [17/2985] 100__M_Right_index  <-  100__M_Right_index_2.BMP  (50 minutiae)
  [18/2985] 100__M_Right_index  <-  100__M_Right_index_3.BMP  (50 minutiae)
  [19/2985] 100__M_Right_little  <-  100__M_Right_little_1.BMP  (50 minutiae)
  [20/2985] 100__M_Right_little  <-  100__M_Right_little_2.BMP  (50 minutiae)
  [21/2985] 100__M_Right_little  <-  100__M_Right_little_3.BMP  (50 minutiae)
  [22/2985] 100__M_Right_middle  <-  100__M_Right_middle_1.BMP  (50 minutiae)
  [23/2985] 100__M_Right_middle  <-  100__M_Right_middle_2.BMP  (50 minutiae)
  [24/2985] 100__M_Right_middle  <-  100__M_Right_middle_3.BMP  (50 minutiae)
  [25/2985] 100__M_Right_ring  <-  100__M_Right_ring_1.BMP  (50 minutiae)
  [26/2985] 100__M_Right_ring  <-  100__M_Right_ring_2.BMP  (50 minutiae)
  [27/2985] 100__M_Right_ring  <-  100__M_Right_ring_3.BMP  (50 minutiae)
  [28/2985] 100__M_Right_thumb  <-  100__M_Right_thumb_1.BMP  (50 minutiae)
  [29/2985] 100__M_Right_thumb  <-  100__M_Right_thumb_2.BMP  (50 minutiae)
  [30/2985] 100__M_Right_thumb  <-  100__M_Right_thumb_3.BMP  (50 minutiae)
  [31/2985] 10__M_Left_index  <-  10__M_Left_index_1.BMP  (50 minutiae)
  [32/2985] 10__M_Left_index  <-  10__M_Left_index_2.BMP  (50 minutiae)
  [33/2985] 10__M_Left_index  <-  10__M_Left_index_3.BMP  (50 minutiae)
  [34/2985] 10__M_Left_little  <-  10__M_Left_little_1.BMP  (50 minutiae)
  [35/2985] 10__M_Left_little  <-  10__M_Left_little_2.BMP  (50 minutiae)
  [36/2985] 10__M_Left_little  <-  10__M_Left_little_3.BMP  (50 minutiae)
  [37/2985] 10__M_Left_middle  <-  10__M_Left_middle_1.BMP  (50 minutiae)
  [38/2985] 10__M_Left_middle  <-  10__M_Left_middle_2.BMP  (50 minutiae)
  [39/2985] 10__M_Left_middle  <-  10__M_Left_middle_3.BMP  (50 minutiae)
  [40/2985] 10__M_Left_ring  <-  10__M_Left_ring_1.BMP  (50 minutiae)
  [41/2985] 10__M_Left_ring  <-  10__M_Left_ring_2.BMP  (50 minutiae)
  [42/2985] 10__M_Left_ring  <-  10__M_Left_ring_3.BMP  (50 minutiae)
  [43/2985] 10__M_Left_thumb  <-  10__M_Left_thumb_1.BMP  (50 minutiae)
  [44/2985] 10__M_Left_thumb  <-  10__M_Left_thumb_2.BMP  (50 minutiae)
  [45/2985] 10__M_Left_thumb  <-  10__M_Left_thumb_3.BMP  (50 minutiae)
  [46/2985] 10__M_Right_index  <-  10__M_Right_index_1.BMP  (50 minutiae)
  [47/2985] 10__M_Right_index  <-  10__M_Right_index_2.BMP  (50 minutiae)
  [48/2985] 10__M_Right_index  <-  10__M_Right_index_3.BMP  (50 minutiae)
  [49/2985] 10__M_Right_little  <-  10__M_Right_little_1.BMP  (50 minutiae)
  [50/2985] 10__M_Right_little  <-  10__M_Right_little_2.BMP  (50 minutiae)
  [51/2985] 10__M_Right_little  <-  10__M_Right_little_3.BMP  (50 minutiae)
  [52/2985] 10__M_Right_middle  <-  10__M_Right_middle_1.BMP  (50 minutiae)
  [53/2985] 10__M_Right_middle  <-  10__M_Right_middle_2.BMP  (50 minutiae)
  [54/2985] 10__M_Right_middle  <-  10__M_Right_middle_3.BMP  (50 minutiae)
  [55/2985] 10__M_Right_ring  <-  10__M_Right_ring_1.BMP  (50 minutiae)
  [56/2985] 10__M_Right_ring  <-  10__M_Right_ring_2.BMP  (50 minutiae)
  [57/2985] 10__M_Right_ring  <-  10__M_Right_ring_3.BMP  (50 minutiae)
  [58/2985] 10__M_Right_thumb  <-  10__M_Right_thumb_1.BMP  (50 minutiae)
  [59/2985] 10__M_Right_thumb  <-  10__M_Right_thumb_2.BMP  (50 minutiae)
  [60/2985] 10__M_Right_thumb  <-  10__M_Right_thumb_3.BMP  (50 minutiae)
  [61/2985] 11__M_Left_index  <-  11__M_Left_index_1.BMP  (50 minutiae)
  [62/2985] 11__M_Left_index  <-  11__M_Left_index_2.BMP  (50 minutiae)
  [63/2985] 11__M_Left_index  <-  11__M_Left_index_3.BMP  (50 minutiae)
  [64/2985] 11__M_Left_little  <-  11__M_Left_little_1.BMP  (50 minutiae)
  [65/2985] 11__M_Left_little  <-  11__M_Left_little_2.BMP  (50 minutiae)
  [66/2985] 11__M_Left_little  <-  11__M_Left_little_3.BMP  (50 minutiae)
  [67/2985] 11__M_Left_middle  <-  11__M_Left_middle_1.BMP  (50 minutiae)
  [68/2985] 11__M_Left_middle  <-  11__M_Left_middle_2.BMP  (50 minutiae)
  [69/2985] 11__M_Left_middle  <-  11__M_Left_middle_3.BMP  (50 minutiae)
  [70/2985] 11__M_Left_ring  <-  11__M_Left_ring_1.BMP  (50 minutiae)
  [71/2985] 11__M_Left_ring  <-  11__M_Left_ring_2.BMP  (50 minutiae)
  [72/2985] 11__M_Left_ring  <-  11__M_Left_ring_3.BMP  (50 minutiae)
  [73/2985] 11__M_Left_thumb  <-  11__M_Left_thumb_1.BMP  (50 minutiae)
  [74/2985] 11__M_Left_thumb  <-  11__M_Left_thumb_2.BMP  (50 minutiae)
  [75/2985] 11__M_Left_thumb  <-  11__M_Left_thumb_3.BMP  (50 minutiae)
  [76/2985] 11__M_Right_index  <-  11__M_Right_index_1.BMP  (50 minutiae)
  [77/2985] 11__M_Right_index  <-  11__M_Right_index_2.BMP  (50 minutiae)
  [78/2985] 11__M_Right_index  <-  11__M_Right_index_3.BMP  (50 minutiae)
  [79/2985] 11__M_Right_little  <-  11__M_Right_little_1.BMP  (50 minutiae)
  [80/2985] 11__M_Right_little  <-  11__M_Right_little_2.BMP  (50 minutiae)
  [81/2985] 11__M_Right_little  <-  11__M_Right_little_3.BMP  (50 minutiae)
  [82/2985] 11__M_Right_middle  <-  11__M_Right_middle_1.BMP  (50 minutiae)
  [83/2985] 11__M_Right_middle  <-  11__M_Right_middle_2.BMP  (50 minutiae)
  [84/2985] 11__M_Right_middle  <-  11__M_Right_middle_3.BMP  (50 minutiae)
  [85/2985] 11__M_Right_ring  <-  11__M_Right_ring_1.BMP  (50 minutiae)
  [86/2985] 11__M_Right_ring  <-  11__M_Right_ring_2.BMP  (50 minutiae)
  [87/2985] 11__M_Right_ring  <-  11__M_Right_ring_3.BMP  (50 minutiae)
  [88/2985] 11__M_Right_thumb  <-  11__M_Right_thumb_1.BMP  (50 minutiae)
  [89/2985] 11__M_Right_thumb  <-  11__M_Right_thumb_2.BMP  (50 minutiae)
  [90/2985] 11__M_Right_thumb  <-  11__M_Right_thumb_3.BMP  (50 minutiae)
  [91/2985] 12__M_Left_index  <-  12__M_Left_index_1.BMP  (50 minutiae)
  [92/2985] 12__M_Left_index  <-  12__M_Left_index_2.BMP  (50 minutiae)
  [93/2985] 12__M_Left_index  <-  12__M_Left_index_3.BMP  (50 minutiae)
  [94/2985] 12__M_Left_little  <-  12__M_Left_little_1.BMP  (50 minutiae)
  [95/2985] 12__M_Left_little  <-  12__M_Left_little_2.BMP  (50 minutiae)
  [96/2985] 12__M_Left_little  <-  12__M_Left_little_3.BMP  (50 minutiae)
  [97/2985] 12__M_Left_middle  <-  12__M_Left_middle_1.BMP  (50 minutiae)
  [98/2985] 12__M_Left_middle  <-  12__M_Left_middle_2.BMP  (50 minutiae)
  [99/2985] 12__M_Left_middle  <-  12__M_Left_middle_3.BMP  (50 minutiae)
  [100/2985] 12__M_Left_ring  <-  12__M_Left_ring_1.BMP  (50 minutiae)
  [101/2985] 12__M_Left_ring  <-  12__M_Left_ring_2.BMP  (50 minutiae)
  [102/2985] 12__M_Left_ring  <-  12__M_Left_ring_3.BMP  (50 minutiae)
  [103/2985] 12__M_Left_thumb  <-  12__M_Left_thumb_1.BMP  (50 minutiae)
  [104/2985] 12__M_Left_thumb  <-  12__M_Left_thumb_2.BMP  (50 minutiae)
  [105/2985] 12__M_Left_thumb  <-  12__M_Left_thumb_3.BMP  (50 minutiae)
  [106/2985] 12__M_Right_index  <-  12__M_Right_index_1.BMP  (50 minutiae)
  [107/2985] 12__M_Right_index  <-  12__M_Right_index_2.BMP  (50 minutiae)
  [108/2985] 12__M_Right_index  <-  12__M_Right_index_3.BMP  (50 minutiae)
  [109/2985] 12__M_Right_little  <-  12__M_Right_little_1.BMP  (50 minutiae)
  [110/2985] 12__M_Right_little  <-  12__M_Right_little_2.BMP  (50 minutiae)
  [111/2985] 12__M_Right_little  <-  12__M_Right_little_3.BMP  (50 minutiae)
  [112/2985] 12__M_Right_middle  <-  12__M_Right_middle_1.BMP  (50 minutiae)
  [113/2985] 12__M_Right_middle  <-  12__M_Right_middle_2.BMP  (50 minutiae)
  [114/2985] 12__M_Right_middle  <-  12__M_Right_middle_3.BMP  (50 minutiae)
  [115/2985] 12__M_Right_ring  <-  12__M_Right_ring_1.BMP  (50 minutiae)
  [116/2985] 12__M_Right_ring  <-  12__M_Right_ring_2.BMP  (50 minutiae)
  [117/2985] 12__M_Right_ring  <-  12__M_Right_ring_3.BMP  (50 minutiae)
  [118/2985] 12__M_Right_thumb  <-  12__M_Right_thumb_1.BMP  (50 minutiae)
  [119/2985] 12__M_Right_thumb  <-  12__M_Right_thumb_2.BMP  (50 minutiae)
  [120/2985] 12__M_Right_thumb  <-  12__M_Right_thumb_3.BMP  (50 minutiae)
  [121/2985] 13__F_Left_index  <-  13__F_Left_index_1.BMP  (50 minutiae)
  [122/2985] 13__F_Left_index  <-  13__F_Left_index_2.BMP  (50 minutiae)
  [123/2985] 13__F_Left_index  <-  13__F_Left_index_3.BMP  (50 minutiae)
  [124/2985] 13__F_Left_little  <-  13__F_Left_little_1.BMP  (50 minutiae)
  [125/2985] 13__F_Left_little  <-  13__F_Left_little_2.BMP  (50 minutiae)
  [126/2985] 13__F_Left_little  <-  13__F_Left_little_3.BMP  (50 minutiae)
  [127/2985] 13__F_Left_middle  <-  13__F_Left_middle_1.BMP  (50 minutiae)
  [128/2985] 13__F_Left_middle  <-  13__F_Left_middle_2.BMP  (50 minutiae)
  [129/2985] 13__F_Left_middle  <-  13__F_Left_middle_3.BMP  (50 minutiae)
  [130/2985] 13__F_Left_ring  <-  13__F_Left_ring_1.BMP  (50 minutiae)
  [131/2985] 13__F_Left_ring  <-  13__F_Left_ring_2.BMP  (50 minutiae)
  [132/2985] 13__F_Left_ring  <-  13__F_Left_ring_3.BMP  (50 minutiae)
  [133/2985] 13__F_Left_thumb  <-  13__F_Left_thumb_1.BMP  (50 minutiae)
  [134/2985] 13__F_Left_thumb  <-  13__F_Left_thumb_2.BMP  (50 minutiae)
  [135/2985] 13__F_Left_thumb  <-  13__F_Left_thumb_3.BMP  (50 minutiae)
  [136/2985] 13__F_Right_index  <-  13__F_Right_index_1.BMP  (50 minutiae)
  [137/2985] 13__F_Right_index  <-  13__F_Right_index_2.BMP  (50 minutiae)
  [138/2985] 13__F_Right_index  <-  13__F_Right_index_3.BMP  (50 minutiae)
  [139/2985] 13__F_Right_little  <-  13__F_Right_little_1.BMP  (50 minutiae)
  [140/2985] 13__F_Right_little  <-  13__F_Right_little_2.BMP  (50 minutiae)
  [141/2985] 13__F_Right_little  <-  13__F_Right_little_3.BMP  (50 minutiae)
  [142/2985] 13__F_Right_middle  <-  13__F_Right_middle_1.BMP  (50 minutiae)
  [143/2985] 13__F_Right_middle  <-  13__F_Right_middle_2.BMP  (50 minutiae)
  [144/2985] 13__F_Right_middle  <-  13__F_Right_middle_3.BMP  (50 minutiae)
  [145/2985] 13__F_Right_ring  <-  13__F_Right_ring_1.BMP  (50 minutiae)
  [146/2985] 13__F_Right_ring  <-  13__F_Right_ring_2.BMP  (50 minutiae)
  [147/2985] 13__F_Right_ring  <-  13__F_Right_ring_3.BMP  (50 minutiae)
  [148/2985] 13__F_Right_thumb  <-  13__F_Right_thumb_1.BMP  (50 minutiae)
  [149/2985] 13__F_Right_thumb  <-  13__F_Right_thumb_2.BMP  (50 minutiae)
  [150/2985] 13__F_Right_thumb  <-  13__F_Right_thumb_3.BMP  (50 minutiae)
  [151/2985] 14__M_Left_index  <-  14__M_Left_index_1.BMP  (50 minutiae)
  [152/2985] 14__M_Left_index  <-  14__M_Left_index_2.BMP  (50 minutiae)
  [153/2985] 14__M_Left_index  <-  14__M_Left_index_3.BMP  (50 minutiae)
  [154/2985] 14__M_Left_little  <-  14__M_Left_little_1.BMP  (50 minutiae)
  [155/2985] 14__M_Left_little  <-  14__M_Left_little_2.BMP  (50 minutiae)
  [156/2985] 14__M_Left_little  <-  14__M_Left_little_3.BMP  (50 minutiae)
  [157/2985] 14__M_Left_middle  <-  14__M_Left_middle_1.BMP  (50 minutiae)
  [158/2985] 14__M_Left_middle  <-  14__M_Left_middle_2.BMP  (50 minutiae)
  [159/2985] 14__M_Left_middle  <-  14__M_Left_middle_3.BMP  (50 minutiae)
  [160/2985] 14__M_Left_ring  <-  14__M_Left_ring_1.BMP  (50 minutiae)
  [161/2985] 14__M_Left_ring  <-  14__M_Left_ring_2.BMP  (50 minutiae)
  [162/2985] 14__M_Left_ring  <-  14__M_Left_ring_3.BMP  (50 minutiae)
  [163/2985] 14__M_Left_thumb  <-  14__M_Left_thumb_1.BMP  (50 minutiae)
  [164/2985] 14__M_Left_thumb  <-  14__M_Left_thumb_2.BMP  (50 minutiae)
  [165/2985] 14__M_Left_thumb  <-  14__M_Left_thumb_3.BMP  (50 minutiae)
  [166/2985] 14__M_Right_index  <-  14__M_Right_index_1.BMP  (50 minutiae)
  [167/2985] 14__M_Right_index  <-  14__M_Right_index_2.BMP  (50 minutiae)
  [168/2985] 14__M_Right_index  <-  14__M_Right_index_3.BMP  (50 minutiae)
  [169/2985] 14__M_Right_little  <-  14__M_Right_little_1.BMP  (50 minutiae)
  [170/2985] 14__M_Right_little  <-  14__M_Right_little_2.BMP  (50 minutiae)
  [171/2985] 14__M_Right_little  <-  14__M_Right_little_3.BMP  (50 minutiae)
  [172/2985] 14__M_Right_middle  <-  14__M_Right_middle_1.BMP  (50 minutiae)
  [173/2985] 14__M_Right_middle  <-  14__M_Right_middle_2.BMP  (50 minutiae)
  [174/2985] 14__M_Right_middle  <-  14__M_Right_middle_3.BMP  (50 minutiae)
  [175/2985] 14__M_Right_ring  <-  14__M_Right_ring_1.BMP  (50 minutiae)
  [176/2985] 14__M_Right_ring  <-  14__M_Right_ring_2.BMP  (50 minutiae)
  [177/2985] 14__M_Right_ring  <-  14__M_Right_ring_3.BMP  (50 minutiae)
  [178/2985] 14__M_Right_thumb  <-  14__M_Right_thumb_1.BMP  (50 minutiae)
  [179/2985] 14__M_Right_thumb  <-  14__M_Right_thumb_2.BMP  (50 minutiae)
  [180/2985] 14__M_Right_thumb  <-  14__M_Right_thumb_3.BMP  (50 minutiae)
  [181/2985] 15__F_Left_index  <-  15__F_Left_index_1.BMP  (50 minutiae)
  [182/2985] 15__F_Left_index  <-  15__F_Left_index_2.BMP  (50 minutiae)
  [183/2985] 15__F_Left_index  <-  15__F_Left_index_3.BMP  (50 minutiae)
  [184/2985] 15__F_Left_little  <-  15__F_Left_little_1.BMP  (50 minutiae)
  [185/2985] 15__F_Left_little  <-  15__F_Left_little_2.BMP  (50 minutiae)
  [186/2985] 15__F_Left_little  <-  15__F_Left_little_3.BMP  (50 minutiae)
  [187/2985] 15__F_Left_middle  <-  15__F_Left_middle_1.BMP  (50 minutiae)
  [188/2985] 15__F_Left_middle  <-  15__F_Left_middle_2.BMP  (50 minutiae)
  [189/2985] 15__F_Left_middle  <-  15__F_Left_middle_3.BMP  (50 minutiae)
  [190/2985] 15__F_Left_ring  <-  15__F_Left_ring_1.BMP  (50 minutiae)
  [191/2985] 15__F_Left_ring  <-  15__F_Left_ring_2.BMP  (50 minutiae)
  [192/2985] 15__F_Left_ring  <-  15__F_Left_ring_3.BMP  (50 minutiae)
  [193/2985] 15__F_Left_thumb  <-  15__F_Left_thumb_1.BMP  (50 minutiae)
  [194/2985] 15__F_Left_thumb  <-  15__F_Left_thumb_2.BMP  (50 minutiae)
  [195/2985] 15__F_Left_thumb  <-  15__F_Left_thumb_3.BMP  (50 minutiae)
  [196/2985] 15__F_Right_index  <-  15__F_Right_index_1.BMP  (50 minutiae)
  [197/2985] 15__F_Right_index  <-  15__F_Right_index_2.BMP  (50 minutiae)
  [198/2985] 15__F_Right_index  <-  15__F_Right_index_3.BMP  (50 minutiae)
  [199/2985] 15__F_Right_little  <-  15__F_Right_little_1.BMP  (50 minutiae)
  [200/2985] 15__F_Right_little  <-  15__F_Right_little_2.BMP  (50 minutiae)
  [201/2985] 15__F_Right_little  <-  15__F_Right_little_3.BMP  (50 minutiae)
  [202/2985] 15__F_Right_middle  <-  15__F_Right_middle_1.BMP  (50 minutiae)
  [203/2985] 15__F_Right_middle  <-  15__F_Right_middle_2.BMP  (50 minutiae)
  [204/2985] 15__F_Right_middle  <-  15__F_Right_middle_3.BMP  (50 minutiae)
  [205/2985] 15__F_Right_ring  <-  15__F_Right_ring_1.BMP  (50 minutiae)
  [206/2985] 15__F_Right_ring  <-  15__F_Right_ring_2.BMP  (50 minutiae)
  [207/2985] 15__F_Right_ring  <-  15__F_Right_ring_3.BMP  (50 minutiae)
  [208/2985] 15__F_Right_thumb  <-  15__F_Right_thumb_1.BMP  (50 minutiae)
  [209/2985] 15__F_Right_thumb  <-  15__F_Right_thumb_2.BMP  (50 minutiae)
  [210/2985] 15__F_Right_thumb  <-  15__F_Right_thumb_3.BMP  (50 minutiae)
  [211/2985] 16__M_Left_index  <-  16__M_Left_index_1.BMP  (50 minutiae)
  [212/2985] 16__M_Left_index  <-  16__M_Left_index_2.BMP  (50 minutiae)
  [213/2985] 16__M_Left_index  <-  16__M_Left_index_3.BMP  (50 minutiae)
  [214/2985] 16__M_Left_little  <-  16__M_Left_little_1.BMP  (50 minutiae)
  [215/2985] 16__M_Left_little  <-  16__M_Left_little_2.BMP  (50 minutiae)
  [216/2985] 16__M_Left_middle  <-  16__M_Left_middle_1.BMP  (50 minutiae)
  [217/2985] 16__M_Left_middle  <-  16__M_Left_middle_2.BMP  (50 minutiae)
  [218/2985] 16__M_Left_middle  <-  16__M_Left_middle_3.BMP  (50 minutiae)
  [219/2985] 16__M_Left_ring  <-  16__M_Left_ring_1.BMP  (50 minutiae)
  [220/2985] 16__M_Left_thumb  <-  16__M_Left_thumb_1.BMP  (50 minutiae)
  [221/2985] 16__M_Left_thumb  <-  16__M_Left_thumb_2.BMP  (50 minutiae)
  [222/2985] 16__M_Left_thumb  <-  16__M_Left_thumb_3.BMP  (50 minutiae)
  [223/2985] 16__M_Right_index  <-  16__M_Right_index_1.BMP  (50 minutiae)
  [224/2985] 16__M_Right_index  <-  16__M_Right_index_2.BMP  (50 minutiae)
  [225/2985] 16__M_Right_index  <-  16__M_Right_index_3.BMP  (50 minutiae)
  [226/2985] 16__M_Right_little  <-  16__M_Right_little_1.BMP  (50 minutiae)
  [227/2985] 16__M_Right_middle  <-  16__M_Right_middle_1.BMP  (50 minutiae)
  [228/2985] 16__M_Right_ring  <-  16__M_Right_ring_1.BMP  (50 minutiae)
  [229/2985] 16__M_Right_thumb  <-  16__M_Right_thumb_1.BMP  (50 minutiae)
  [230/2985] 16__M_Right_thumb  <-  16__M_Right_thumb_2.BMP  (50 minutiae)
  [231/2985] 16__M_Right_thumb  <-  16__M_Right_thumb_3.BMP  (50 minutiae)
  [232/2985] 17__M_Left_index  <-  17__M_Left_index_1.BMP  (50 minutiae)
  [233/2985] 17__M_Left_index  <-  17__M_Left_index_2.BMP  (50 minutiae)
  [234/2985] 17__M_Left_index  <-  17__M_Left_index_3.BMP  (50 minutiae)
  [235/2985] 17__M_Left_little  <-  17__M_Left_little_1.BMP  (50 minutiae)
  [236/2985] 17__M_Left_little  <-  17__M_Left_little_2.BMP  (50 minutiae)
  [237/2985] 17__M_Left_little  <-  17__M_Left_little_3.BMP  (50 minutiae)
  [238/2985] 17__M_Left_middle  <-  17__M_Left_middle_1.BMP  (50 minutiae)
  [239/2985] 17__M_Left_middle  <-  17__M_Left_middle_2.BMP  (50 minutiae)
  [240/2985] 17__M_Left_middle  <-  17__M_Left_middle_3.BMP  (50 minutiae)
  [241/2985] 17__M_Left_ring  <-  17__M_Left_ring_1.BMP  (50 minutiae)
  [242/2985] 17__M_Left_ring  <-  17__M_Left_ring_2.BMP  (50 minutiae)
  [243/2985] 17__M_Left_ring  <-  17__M_Left_ring_3.BMP  (50 minutiae)
  [244/2985] 17__M_Left_thumb  <-  17__M_Left_thumb_1.BMP  (50 minutiae)
  [245/2985] 17__M_Left_thumb  <-  17__M_Left_thumb_2.BMP  (50 minutiae)
  [246/2985] 17__M_Left_thumb  <-  17__M_Left_thumb_3.BMP  (50 minutiae)
  [247/2985] 17__M_Right_index  <-  17__M_Right_index_1.BMP  (50 minutiae)
  [248/2985] 17__M_Right_index  <-  17__M_Right_index_2.BMP  (50 minutiae)
  [249/2985] 17__M_Right_index  <-  17__M_Right_index_3.BMP  (50 minutiae)
  [250/2985] 17__M_Right_little  <-  17__M_Right_little_1.BMP  (50 minutiae)
  [251/2985] 17__M_Right_little  <-  17__M_Right_little_2.BMP  (50 minutiae)
  [252/2985] 17__M_Right_little  <-  17__M_Right_little_3.BMP  (50 minutiae)
  [253/2985] 17__M_Right_middle  <-  17__M_Right_middle_1.BMP  (50 minutiae)
  [254/2985] 17__M_Right_middle  <-  17__M_Right_middle_2.BMP  (50 minutiae)
  [255/2985] 17__M_Right_middle  <-  17__M_Right_middle_3.BMP  (50 minutiae)
  [256/2985] 17__M_Right_ring  <-  17__M_Right_ring_1.BMP  (50 minutiae)
  [257/2985] 17__M_Right_ring  <-  17__M_Right_ring_2.BMP  (50 minutiae)
  [258/2985] 17__M_Right_ring  <-  17__M_Right_ring_3.BMP  (50 minutiae)
  [259/2985] 17__M_Right_thumb  <-  17__M_Right_thumb_1.BMP  (50 minutiae)
  [260/2985] 17__M_Right_thumb  <-  17__M_Right_thumb_2.BMP  (50 minutiae)
  [261/2985] 17__M_Right_thumb  <-  17__M_Right_thumb_3.BMP  (50 minutiae)
  [262/2985] 18__M_Left_index  <-  18__M_Left_index_1.BMP  (50 minutiae)
  [263/2985] 18__M_Left_index  <-  18__M_Left_index_2.BMP  (50 minutiae)
  [264/2985] 18__M_Left_index  <-  18__M_Left_index_3.BMP  (50 minutiae)
  [265/2985] 18__M_Left_little  <-  18__M_Left_little_1.BMP  (50 minutiae)
  [266/2985] 18__M_Left_little  <-  18__M_Left_little_2.BMP  (50 minutiae)
  [267/2985] 18__M_Left_little  <-  18__M_Left_little_3.BMP  (50 minutiae)
  [268/2985] 18__M_Left_middle  <-  18__M_Left_middle_1.BMP  (50 minutiae)
  [269/2985] 18__M_Left_middle  <-  18__M_Left_middle_2.BMP  (50 minutiae)
  [270/2985] 18__M_Left_middle  <-  18__M_Left_middle_3.BMP  (50 minutiae)
  [271/2985] 18__M_Left_ring  <-  18__M_Left_ring_1.BMP  (50 minutiae)
  [272/2985] 18__M_Left_ring  <-  18__M_Left_ring_2.BMP  (50 minutiae)
  [273/2985] 18__M_Left_ring  <-  18__M_Left_ring_3.BMP  (50 minutiae)
  [274/2985] 18__M_Left_thumb  <-  18__M_Left_thumb_1.BMP  (50 minutiae)
  [275/2985] 18__M_Left_thumb  <-  18__M_Left_thumb_2.BMP  (50 minutiae)
  [276/2985] 18__M_Left_thumb  <-  18__M_Left_thumb_3.BMP  (50 minutiae)
  [277/2985] 18__M_Right_index  <-  18__M_Right_index_1.BMP  (50 minutiae)
  [278/2985] 18__M_Right_index  <-  18__M_Right_index_2.BMP  (50 minutiae)
  [279/2985] 18__M_Right_index  <-  18__M_Right_index_3.BMP  (50 minutiae)
  [280/2985] 18__M_Right_little  <-  18__M_Right_little_1.BMP  (50 minutiae)
  [281/2985] 18__M_Right_little  <-  18__M_Right_little_2.BMP  (50 minutiae)
  [282/2985] 18__M_Right_little  <-  18__M_Right_little_3.BMP  (50 minutiae)
  [283/2985] 18__M_Right_middle  <-  18__M_Right_middle_1.BMP  (50 minutiae)
  [284/2985] 18__M_Right_middle  <-  18__M_Right_middle_2.BMP  (50 minutiae)
  [285/2985] 18__M_Right_middle  <-  18__M_Right_middle_3.BMP  (50 minutiae)
  [286/2985] 18__M_Right_ring  <-  18__M_Right_ring_1.BMP  (50 minutiae)
  [287/2985] 18__M_Right_ring  <-  18__M_Right_ring_2.BMP  (50 minutiae)
  [288/2985] 18__M_Right_ring  <-  18__M_Right_ring_3.BMP  (50 minutiae)
  [289/2985] 18__M_Right_thumb  <-  18__M_Right_thumb_1.BMP  (50 minutiae)
  [290/2985] 18__M_Right_thumb  <-  18__M_Right_thumb_2.BMP  (50 minutiae)
  [291/2985] 18__M_Right_thumb  <-  18__M_Right_thumb_3.BMP  (50 minutiae)
  [292/2985] 19__M_Left_index  <-  19__M_Left_index_1.BMP  (50 minutiae)
  [293/2985] 19__M_Left_index  <-  19__M_Left_index_2.BMP  (50 minutiae)
  [294/2985] 19__M_Left_index  <-  19__M_Left_index_3.BMP  (50 minutiae)
  [295/2985] 19__M_Left_little  <-  19__M_Left_little_1.BMP  (50 minutiae)
  [296/2985] 19__M_Left_little  <-  19__M_Left_little_2.BMP  (50 minutiae)
  [297/2985] 19__M_Left_little  <-  19__M_Left_little_3.BMP  (50 minutiae)
  [298/2985] 19__M_Left_middle  <-  19__M_Left_middle_1.BMP  (50 minutiae)
  [299/2985] 19__M_Left_middle  <-  19__M_Left_middle_2.BMP  (50 minutiae)
  [300/2985] 19__M_Left_middle  <-  19__M_Left_middle_3.BMP  (50 minutiae)
  [301/2985] 19__M_Left_ring  <-  19__M_Left_ring_1.BMP  (50 minutiae)
  [302/2985] 19__M_Left_ring  <-  19__M_Left_ring_2.BMP  (50 minutiae)
  [303/2985] 19__M_Left_ring  <-  19__M_Left_ring_3.BMP  (50 minutiae)
  [304/2985] 19__M_Left_thumb  <-  19__M_Left_thumb_1.BMP  (50 minutiae)
  [305/2985] 19__M_Left_thumb  <-  19__M_Left_thumb_2.BMP  (50 minutiae)
  [306/2985] 19__M_Left_thumb  <-  19__M_Left_thumb_3.BMP  (50 minutiae)
  [307/2985] 19__M_Right_index  <-  19__M_Right_index_1.BMP  (50 minutiae)
  [308/2985] 19__M_Right_index  <-  19__M_Right_index_2.BMP  (50 minutiae)
  [309/2985] 19__M_Right_index  <-  19__M_Right_index_3.BMP  (50 minutiae)
  [310/2985] 19__M_Right_little  <-  19__M_Right_little_1.BMP  (50 minutiae)
  [311/2985] 19__M_Right_little  <-  19__M_Right_little_2.BMP  (50 minutiae)
  [312/2985] 19__M_Right_little  <-  19__M_Right_little_3.BMP  (50 minutiae)
  [313/2985] 19__M_Right_middle  <-  19__M_Right_middle_1.BMP  (50 minutiae)
  [314/2985] 19__M_Right_middle  <-  19__M_Right_middle_2.BMP  (50 minutiae)
  [315/2985] 19__M_Right_middle  <-  19__M_Right_middle_3.BMP  (50 minutiae)
  [316/2985] 19__M_Right_ring  <-  19__M_Right_ring_1.BMP  (50 minutiae)
  [317/2985] 19__M_Right_ring  <-  19__M_Right_ring_2.BMP  (50 minutiae)
  [318/2985] 19__M_Right_ring  <-  19__M_Right_ring_3.BMP  (50 minutiae)
  [319/2985] 19__M_Right_thumb  <-  19__M_Right_thumb_1.BMP  (50 minutiae)
  [320/2985] 19__M_Right_thumb  <-  19__M_Right_thumb_2.BMP  (50 minutiae)
  [321/2985] 19__M_Right_thumb  <-  19__M_Right_thumb_3.BMP  (50 minutiae)
  [322/2985] 1__M_Left_index  <-  1__M_Left_index_1.BMP  (50 minutiae)
  [323/2985] 1__M_Left_index  <-  1__M_Left_index_2.BMP  (50 minutiae)
  [324/2985] 1__M_Left_index  <-  1__M_Left_index_3.BMP  (50 minutiae)
  [325/2985] 1__M_Left_little  <-  1__M_Left_little_1.BMP  (50 minutiae)
  [326/2985] 1__M_Left_little  <-  1__M_Left_little_2.BMP  (50 minutiae)
  [327/2985] 1__M_Left_little  <-  1__M_Left_little_3.BMP  (50 minutiae)
  [328/2985] 1__M_Left_middle  <-  1__M_Left_middle_1.BMP  (50 minutiae)
  [329/2985] 1__M_Left_middle  <-  1__M_Left_middle_2.BMP  (50 minutiae)
  [330/2985] 1__M_Left_middle  <-  1__M_Left_middle_3.BMP  (50 minutiae)
  [331/2985] 1__M_Left_ring  <-  1__M_Left_ring_1.BMP  (50 minutiae)
  [332/2985] 1__M_Left_ring  <-  1__M_Left_ring_2.BMP  (50 minutiae)
  [333/2985] 1__M_Left_ring  <-  1__M_Left_ring_3.BMP  (50 minutiae)
  [334/2985] 1__M_Left_thumb  <-  1__M_Left_thumb_1.BMP  (50 minutiae)
  [335/2985] 1__M_Left_thumb  <-  1__M_Left_thumb_2.BMP  (50 minutiae)
  [336/2985] 1__M_Left_thumb  <-  1__M_Left_thumb_3.BMP  (50 minutiae)
  [337/2985] 1__M_Right_index  <-  1__M_Right_index_1.BMP  (50 minutiae)
  [338/2985] 1__M_Right_index  <-  1__M_Right_index_2.BMP  (50 minutiae)
  [339/2985] 1__M_Right_index  <-  1__M_Right_index_3.BMP  (50 minutiae)
  [340/2985] 1__M_Right_little  <-  1__M_Right_little_1.BMP  (50 minutiae)
  [341/2985] 1__M_Right_little  <-  1__M_Right_little_2.BMP  (50 minutiae)
  [342/2985] 1__M_Right_little  <-  1__M_Right_little_3.BMP  (50 minutiae)
  [343/2985] 1__M_Right_middle  <-  1__M_Right_middle_1.BMP  (50 minutiae)
  [344/2985] 1__M_Right_middle  <-  1__M_Right_middle_2.BMP  (50 minutiae)
  [345/2985] 1__M_Right_middle  <-  1__M_Right_middle_3.BMP  (50 minutiae)
  [346/2985] 1__M_Right_ring  <-  1__M_Right_ring_1.BMP  (50 minutiae)
  [347/2985] 1__M_Right_ring  <-  1__M_Right_ring_2.BMP  (50 minutiae)
  [348/2985] 1__M_Right_ring  <-  1__M_Right_ring_3.BMP  (50 minutiae)
  [349/2985] 1__M_Right_thumb  <-  1__M_Right_thumb_1.BMP  (50 minutiae)
  [350/2985] 1__M_Right_thumb  <-  1__M_Right_thumb_2.BMP  (50 minutiae)
  [351/2985] 1__M_Right_thumb  <-  1__M_Right_thumb_3.BMP  (50 minutiae)
  [352/2985] 20__M_Left_index  <-  20__M_Left_index_1.BMP  (50 minutiae)
  [353/2985] 20__M_Left_index  <-  20__M_Left_index_2.BMP  (50 minutiae)
  [354/2985] 20__M_Left_index  <-  20__M_Left_index_3.BMP  (50 minutiae)
  [355/2985] 20__M_Left_little  <-  20__M_Left_little_1.BMP  (50 minutiae)
  [356/2985] 20__M_Left_little  <-  20__M_Left_little_2.BMP  (50 minutiae)
  [357/2985] 20__M_Left_little  <-  20__M_Left_little_3.BMP  (50 minutiae)
  [358/2985] 20__M_Left_middle  <-  20__M_Left_middle_1.BMP  (50 minutiae)
  [359/2985] 20__M_Left_middle  <-  20__M_Left_middle_2.BMP  (50 minutiae)
  [360/2985] 20__M_Left_middle  <-  20__M_Left_middle_3.BMP  (50 minutiae)
  [361/2985] 20__M_Left_ring  <-  20__M_Left_ring_1.BMP  (50 minutiae)
  [362/2985] 20__M_Left_ring  <-  20__M_Left_ring_2.BMP  (50 minutiae)
  [363/2985] 20__M_Left_ring  <-  20__M_Left_ring_3.BMP  (50 minutiae)
  [364/2985] 20__M_Left_thumb  <-  20__M_Left_thumb_1.BMP  (50 minutiae)
  [365/2985] 20__M_Left_thumb  <-  20__M_Left_thumb_2.BMP  (50 minutiae)
  [366/2985] 20__M_Left_thumb  <-  20__M_Left_thumb_3.BMP  (50 minutiae)
  [367/2985] 20__M_Right_index  <-  20__M_Right_index_1.BMP  (50 minutiae)
  [368/2985] 20__M_Right_index  <-  20__M_Right_index_2.BMP  (50 minutiae)
  [369/2985] 20__M_Right_index  <-  20__M_Right_index_3.BMP  (50 minutiae)
  [370/2985] 20__M_Right_little  <-  20__M_Right_little_1.BMP  (50 minutiae)
  [371/2985] 20__M_Right_little  <-  20__M_Right_little_2.BMP  (50 minutiae)
  [372/2985] 20__M_Right_little  <-  20__M_Right_little_3.BMP  (50 minutiae)
  [373/2985] 20__M_Right_middle  <-  20__M_Right_middle_1.BMP  (50 minutiae)
  [374/2985] 20__M_Right_middle  <-  20__M_Right_middle_2.BMP  (50 minutiae)
  [375/2985] 20__M_Right_middle  <-  20__M_Right_middle_3.BMP  (50 minutiae)
  [376/2985] 20__M_Right_ring  <-  20__M_Right_ring_1.BMP  (50 minutiae)
  [377/2985] 20__M_Right_ring  <-  20__M_Right_ring_2.BMP  (50 minutiae)
  [378/2985] 20__M_Right_ring  <-  20__M_Right_ring_3.BMP  (50 minutiae)
  [379/2985] 20__M_Right_thumb  <-  20__M_Right_thumb_1.BMP  (50 minutiae)
  [380/2985] 20__M_Right_thumb  <-  20__M_Right_thumb_2.BMP  (50 minutiae)
  [381/2985] 20__M_Right_thumb  <-  20__M_Right_thumb_3.BMP  (50 minutiae)
  [382/2985] 21__M_Left_index  <-  21__M_Left_index_1.BMP  (50 minutiae)
  [383/2985] 21__M_Left_index  <-  21__M_Left_index_2.BMP  (50 minutiae)
  [384/2985] 21__M_Left_index  <-  21__M_Left_index_3.BMP  (50 minutiae)
  [385/2985] 21__M_Left_little  <-  21__M_Left_little_1.BMP  (50 minutiae)
  [386/2985] 21__M_Left_little  <-  21__M_Left_little_2.BMP  (50 minutiae)
  [387/2985] 21__M_Left_little  <-  21__M_Left_little_3.BMP  (50 minutiae)
  [388/2985] 21__M_Left_middle  <-  21__M_Left_middle_1.BMP  (50 minutiae)
  [389/2985] 21__M_Left_middle  <-  21__M_Left_middle_2.BMP  (50 minutiae)
  [390/2985] 21__M_Left_middle  <-  21__M_Left_middle_3.BMP  (50 minutiae)
  [391/2985] 21__M_Left_ring  <-  21__M_Left_ring_1.BMP  (50 minutiae)
  [392/2985] 21__M_Left_ring  <-  21__M_Left_ring_2.BMP  (50 minutiae)
  [393/2985] 21__M_Left_ring  <-  21__M_Left_ring_3.BMP  (50 minutiae)
  [394/2985] 21__M_Left_thumb  <-  21__M_Left_thumb_1.BMP  (50 minutiae)
  [395/2985] 21__M_Left_thumb  <-  21__M_Left_thumb_2.BMP  (50 minutiae)
  [396/2985] 21__M_Left_thumb  <-  21__M_Left_thumb_3.BMP  (50 minutiae)
  [397/2985] 21__M_Right_index  <-  21__M_Right_index_1.BMP  (50 minutiae)
  [398/2985] 21__M_Right_index  <-  21__M_Right_index_2.BMP  (50 minutiae)
  [399/2985] 21__M_Right_index  <-  21__M_Right_index_3.BMP  (50 minutiae)
  [400/2985] 21__M_Right_little  <-  21__M_Right_little_1.BMP  (50 minutiae)
  [401/2985] 21__M_Right_little  <-  21__M_Right_little_2.BMP  (50 minutiae)
  [402/2985] 21__M_Right_little  <-  21__M_Right_little_3.BMP  (50 minutiae)
  [403/2985] 21__M_Right_middle  <-  21__M_Right_middle_1.BMP  (50 minutiae)
  [404/2985] 21__M_Right_middle  <-  21__M_Right_middle_2.BMP  (50 minutiae)
  [405/2985] 21__M_Right_middle  <-  21__M_Right_middle_3.BMP  (50 minutiae)
  [406/2985] 21__M_Right_ring  <-  21__M_Right_ring_1.BMP  (50 minutiae)
  [407/2985] 21__M_Right_ring  <-  21__M_Right_ring_2.BMP  (50 minutiae)
  [408/2985] 21__M_Right_ring  <-  21__M_Right_ring_3.BMP  (50 minutiae)
  [409/2985] 21__M_Right_thumb  <-  21__M_Right_thumb_1.BMP  (50 minutiae)
  [410/2985] 21__M_Right_thumb  <-  21__M_Right_thumb_2.BMP  (50 minutiae)
  [411/2985] 21__M_Right_thumb  <-  21__M_Right_thumb_3.BMP  (50 minutiae)
  [412/2985] 22__M_Left_index  <-  22__M_Left_index_1.BMP  (50 minutiae)
  [413/2985] 22__M_Left_index  <-  22__M_Left_index_2.BMP  (50 minutiae)
  [414/2985] 22__M_Left_index  <-  22__M_Left_index_3.BMP  (50 minutiae)
  [415/2985] 22__M_Left_little  <-  22__M_Left_little_1.BMP  (50 minutiae)
  [416/2985] 22__M_Left_little  <-  22__M_Left_little_2.BMP  (50 minutiae)
  [417/2985] 22__M_Left_little  <-  22__M_Left_little_3.BMP  (50 minutiae)
  [418/2985] 22__M_Left_middle  <-  22__M_Left_middle_1.BMP  (50 minutiae)
  [419/2985] 22__M_Left_middle  <-  22__M_Left_middle_2.BMP  (50 minutiae)
  [420/2985] 22__M_Left_middle  <-  22__M_Left_middle_3.BMP  (50 minutiae)
  [421/2985] 22__M_Left_ring  <-  22__M_Left_ring_1.BMP  (50 minutiae)
  [422/2985] 22__M_Left_ring  <-  22__M_Left_ring_2.BMP  (50 minutiae)
  [423/2985] 22__M_Left_ring  <-  22__M_Left_ring_3.BMP  (50 minutiae)
  [424/2985] 22__M_Left_thumb  <-  22__M_Left_thumb_1.BMP  (50 minutiae)
  [425/2985] 22__M_Left_thumb  <-  22__M_Left_thumb_2.BMP  (50 minutiae)
  [426/2985] 22__M_Left_thumb  <-  22__M_Left_thumb_3.BMP  (50 minutiae)
  [427/2985] 22__M_Right_index  <-  22__M_Right_index_1.BMP  (50 minutiae)
  [428/2985] 22__M_Right_index  <-  22__M_Right_index_2.BMP  (50 minutiae)
  [429/2985] 22__M_Right_index  <-  22__M_Right_index_3.BMP  (50 minutiae)
  [430/2985] 22__M_Right_little  <-  22__M_Right_little_1.BMP  (50 minutiae)
  [431/2985] 22__M_Right_little  <-  22__M_Right_little_2.BMP  (50 minutiae)
  [432/2985] 22__M_Right_little  <-  22__M_Right_little_3.BMP  (50 minutiae)
  [433/2985] 22__M_Right_middle  <-  22__M_Right_middle_1.BMP  (50 minutiae)
  [434/2985] 22__M_Right_middle  <-  22__M_Right_middle_2.BMP  (50 minutiae)
  [435/2985] 22__M_Right_middle  <-  22__M_Right_middle_3.BMP  (50 minutiae)
  [436/2985] 22__M_Right_ring  <-  22__M_Right_ring_1.BMP  (50 minutiae)
  [437/2985] 22__M_Right_ring  <-  22__M_Right_ring_2.BMP  (50 minutiae)
  [438/2985] 22__M_Right_ring  <-  22__M_Right_ring_3.BMP  (50 minutiae)
  [439/2985] 22__M_Right_thumb  <-  22__M_Right_thumb_1.BMP  (50 minutiae)
  [440/2985] 22__M_Right_thumb  <-  22__M_Right_thumb_2.BMP  (50 minutiae)
  [441/2985] 22__M_Right_thumb  <-  22__M_Right_thumb_3.BMP  (50 minutiae)
  [442/2985] 23__M_Left_index  <-  23__M_Left_index_1.BMP  (50 minutiae)
  [443/2985] 23__M_Left_index  <-  23__M_Left_index_2.BMP  (50 minutiae)
  [444/2985] 23__M_Left_index  <-  23__M_Left_index_3.BMP  (50 minutiae)
  [445/2985] 23__M_Left_little  <-  23__M_Left_little_1.BMP  (50 minutiae)
  [446/2985] 23__M_Left_little  <-  23__M_Left_little_2.BMP  (50 minutiae)
  [447/2985] 23__M_Left_little  <-  23__M_Left_little_3.BMP  (50 minutiae)
  [448/2985] 23__M_Left_middle  <-  23__M_Left_middle_1.BMP  (50 minutiae)
  [449/2985] 23__M_Left_middle  <-  23__M_Left_middle_2.BMP  (50 minutiae)
  [450/2985] 23__M_Left_middle  <-  23__M_Left_middle_3.BMP  (50 minutiae)
  [451/2985] 23__M_Left_ring  <-  23__M_Left_ring_1.BMP  (50 minutiae)
  [452/2985] 23__M_Left_ring  <-  23__M_Left_ring_2.BMP  (50 minutiae)
  [453/2985] 23__M_Left_ring  <-  23__M_Left_ring_3.BMP  (50 minutiae)
  [454/2985] 23__M_Left_thumb  <-  23__M_Left_thumb_1.BMP  (50 minutiae)
  [455/2985] 23__M_Left_thumb  <-  23__M_Left_thumb_2.BMP  (50 minutiae)
  [456/2985] 23__M_Left_thumb  <-  23__M_Left_thumb_3.BMP  (50 minutiae)
  [457/2985] 23__M_Right_index  <-  23__M_Right_index_1.BMP  (50 minutiae)
  [458/2985] 23__M_Right_index  <-  23__M_Right_index_2.BMP  (50 minutiae)
  [459/2985] 23__M_Right_index  <-  23__M_Right_index_3.BMP  (50 minutiae)
  [460/2985] 23__M_Right_little  <-  23__M_Right_little_1.BMP  (50 minutiae)
  [461/2985] 23__M_Right_little  <-  23__M_Right_little_2.BMP  (50 minutiae)
  [462/2985] 23__M_Right_little  <-  23__M_Right_little_3.BMP  (50 minutiae)
  [463/2985] 23__M_Right_middle  <-  23__M_Right_middle_1.BMP  (50 minutiae)
  [464/2985] 23__M_Right_middle  <-  23__M_Right_middle_2.BMP  (50 minutiae)
  [465/2985] 23__M_Right_middle  <-  23__M_Right_middle_3.BMP  (50 minutiae)
  [466/2985] 23__M_Right_ring  <-  23__M_Right_ring_1.BMP  (50 minutiae)
  [467/2985] 23__M_Right_ring  <-  23__M_Right_ring_2.BMP  (50 minutiae)
  [468/2985] 23__M_Right_ring  <-  23__M_Right_ring_3.BMP  (50 minutiae)
  [469/2985] 23__M_Right_thumb  <-  23__M_Right_thumb_1.BMP  (50 minutiae)
  [470/2985] 23__M_Right_thumb  <-  23__M_Right_thumb_2.BMP  (50 minutiae)
  [471/2985] 23__M_Right_thumb  <-  23__M_Right_thumb_3.BMP  (50 minutiae)
  [472/2985] 24__F_Left_index  <-  24__F_Left_index_1.BMP  (50 minutiae)
  [473/2985] 24__F_Left_index  <-  24__F_Left_index_2.BMP  (50 minutiae)
  [474/2985] 24__F_Left_index  <-  24__F_Left_index_3.BMP  (50 minutiae)
  [475/2985] 24__F_Left_little  <-  24__F_Left_little_1.BMP  (50 minutiae)
  [476/2985] 24__F_Left_little  <-  24__F_Left_little_2.BMP  (50 minutiae)
  [477/2985] 24__F_Left_little  <-  24__F_Left_little_3.BMP  (50 minutiae)
  [478/2985] 24__F_Left_middle  <-  24__F_Left_middle_1.BMP  (50 minutiae)
  [479/2985] 24__F_Left_middle  <-  24__F_Left_middle_2.BMP  (50 minutiae)
  [480/2985] 24__F_Left_middle  <-  24__F_Left_middle_3.BMP  (50 minutiae)
  [481/2985] 24__F_Left_ring  <-  24__F_Left_ring_1.BMP  (50 minutiae)
  [482/2985] 24__F_Left_ring  <-  24__F_Left_ring_2.BMP  (50 minutiae)
  [483/2985] 24__F_Left_ring  <-  24__F_Left_ring_3.BMP  (50 minutiae)
  [484/2985] 24__F_Left_thumb  <-  24__F_Left_thumb_1.BMP  (50 minutiae)
  [485/2985] 24__F_Left_thumb  <-  24__F_Left_thumb_2.BMP  (50 minutiae)
  [486/2985] 24__F_Left_thumb  <-  24__F_Left_thumb_3.BMP  (50 minutiae)
  [487/2985] 24__F_Right_index  <-  24__F_Right_index_1.BMP  (50 minutiae)
  [488/2985] 24__F_Right_index  <-  24__F_Right_index_2.BMP  (50 minutiae)
  [489/2985] 24__F_Right_index  <-  24__F_Right_index_3.BMP  (50 minutiae)
  [490/2985] 24__F_Right_little  <-  24__F_Right_little_1.BMP  (50 minutiae)
  [491/2985] 24__F_Right_little  <-  24__F_Right_little_2.BMP  (50 minutiae)
  [492/2985] 24__F_Right_little  <-  24__F_Right_little_3.BMP  (50 minutiae)
  [493/2985] 24__F_Right_middle  <-  24__F_Right_middle_1.BMP  (50 minutiae)
  [494/2985] 24__F_Right_middle  <-  24__F_Right_middle_2.BMP  (50 minutiae)
  [495/2985] 24__F_Right_middle  <-  24__F_Right_middle_3.BMP  (50 minutiae)
  [496/2985] 24__F_Right_ring  <-  24__F_Right_ring_1.BMP  (50 minutiae)
  [497/2985] 24__F_Right_ring  <-  24__F_Right_ring_2.BMP  (50 minutiae)
  [498/2985] 24__F_Right_ring  <-  24__F_Right_ring_3.BMP  (50 minutiae)
  [499/2985] 24__F_Right_thumb  <-  24__F_Right_thumb_1.BMP  (50 minutiae)
  [500/2985] 24__F_Right_thumb  <-  24__F_Right_thumb_2.BMP  (50 minutiae)
  [501/2985] 24__F_Right_thumb  <-  24__F_Right_thumb_3.BMP  (50 minutiae)
  [502/2985] 25__F_Left_index  <-  25__F_Left_index_1.BMP  (50 minutiae)
  [503/2985] 25__F_Left_index  <-  25__F_Left_index_2.BMP  (50 minutiae)
  [504/2985] 25__F_Left_index  <-  25__F_Left_index_3.BMP  (50 minutiae)
  [505/2985] 25__F_Left_little  <-  25__F_Left_little_1.BMP  (50 minutiae)
  [506/2985] 25__F_Left_little  <-  25__F_Left_little_2.BMP  (50 minutiae)
  [507/2985] 25__F_Left_little  <-  25__F_Left_little_3.BMP  (50 minutiae)
  [508/2985] 25__F_Left_middle  <-  25__F_Left_middle_1.BMP  (50 minutiae)
  [509/2985] 25__F_Left_middle  <-  25__F_Left_middle_2.BMP  (50 minutiae)
  [510/2985] 25__F_Left_middle  <-  25__F_Left_middle_3.BMP  (50 minutiae)
  [511/2985] 25__F_Left_ring  <-  25__F_Left_ring_1.BMP  (50 minutiae)
  [512/2985] 25__F_Left_ring  <-  25__F_Left_ring_2.BMP  (50 minutiae)
  [513/2985] 25__F_Left_ring  <-  25__F_Left_ring_3.BMP  (50 minutiae)
  [514/2985] 25__F_Left_thumb  <-  25__F_Left_thumb_1.BMP  (50 minutiae)
  [515/2985] 25__F_Left_thumb  <-  25__F_Left_thumb_2.BMP  (50 minutiae)
  [516/2985] 25__F_Left_thumb  <-  25__F_Left_thumb_3.BMP  (50 minutiae)
  [517/2985] 25__F_Right_index  <-  25__F_Right_index_1.BMP  (50 minutiae)
  [518/2985] 25__F_Right_index  <-  25__F_Right_index_2.BMP  (50 minutiae)
  [519/2985] 25__F_Right_index  <-  25__F_Right_index_3.BMP  (50 minutiae)
  [520/2985] 25__F_Right_little  <-  25__F_Right_little_1.BMP  (50 minutiae)
  [521/2985] 25__F_Right_little  <-  25__F_Right_little_2.BMP  (50 minutiae)
  [522/2985] 25__F_Right_little  <-  25__F_Right_little_3.BMP  (50 minutiae)
  [523/2985] 25__F_Right_middle  <-  25__F_Right_middle_1.BMP  (50 minutiae)
  [524/2985] 25__F_Right_middle  <-  25__F_Right_middle_2.BMP  (50 minutiae)
  [525/2985] 25__F_Right_middle  <-  25__F_Right_middle_3.BMP  (50 minutiae)
  [526/2985] 25__F_Right_ring  <-  25__F_Right_ring_1.BMP  (50 minutiae)
  [527/2985] 25__F_Right_ring  <-  25__F_Right_ring_2.BMP  (50 minutiae)
  [528/2985] 25__F_Right_ring  <-  25__F_Right_ring_3.BMP  (50 minutiae)
  [529/2985] 25__F_Right_thumb  <-  25__F_Right_thumb_1.BMP  (50 minutiae)
  [530/2985] 25__F_Right_thumb  <-  25__F_Right_thumb_2.BMP  (50 minutiae)
  [531/2985] 25__F_Right_thumb  <-  25__F_Right_thumb_3.BMP  (50 minutiae)
  [532/2985] 26__M_Left_index  <-  26__M_Left_index_1.BMP  (50 minutiae)
  [533/2985] 26__M_Left_index  <-  26__M_Left_index_2.BMP  (50 minutiae)
  [534/2985] 26__M_Left_index  <-  26__M_Left_index_3.BMP  (50 minutiae)
  [535/2985] 26__M_Left_little  <-  26__M_Left_little_1.BMP  (50 minutiae)
  [536/2985] 26__M_Left_little  <-  26__M_Left_little_2.BMP  (50 minutiae)
  [537/2985] 26__M_Left_little  <-  26__M_Left_little_3.BMP  (50 minutiae)
  [538/2985] 26__M_Left_middle  <-  26__M_Left_middle_1.BMP  (50 minutiae)
  [539/2985] 26__M_Left_middle  <-  26__M_Left_middle_2.BMP  (50 minutiae)
  [540/2985] 26__M_Left_middle  <-  26__M_Left_middle_3.BMP  (50 minutiae)
  [541/2985] 26__M_Left_ring  <-  26__M_Left_ring_1.BMP  (50 minutiae)
  [542/2985] 26__M_Left_ring  <-  26__M_Left_ring_2.BMP  (50 minutiae)
  [543/2985] 26__M_Left_ring  <-  26__M_Left_ring_3.BMP  (50 minutiae)
  [544/2985] 26__M_Left_thumb  <-  26__M_Left_thumb_1.BMP  (50 minutiae)
  [545/2985] 26__M_Left_thumb  <-  26__M_Left_thumb_2.BMP  (50 minutiae)
  [546/2985] 26__M_Left_thumb  <-  26__M_Left_thumb_3.BMP  (50 minutiae)
  [547/2985] 26__M_Right_index  <-  26__M_Right_index_1.BMP  (50 minutiae)
  [548/2985] 26__M_Right_index  <-  26__M_Right_index_2.BMP  (50 minutiae)
  [549/2985] 26__M_Right_index  <-  26__M_Right_index_3.BMP  (50 minutiae)
  [550/2985] 26__M_Right_little  <-  26__M_Right_little_1.BMP  (50 minutiae)
  [551/2985] 26__M_Right_little  <-  26__M_Right_little_2.BMP  (50 minutiae)
  [552/2985] 26__M_Right_little  <-  26__M_Right_little_3.BMP  (50 minutiae)
  [553/2985] 26__M_Right_middle  <-  26__M_Right_middle_1.BMP  (50 minutiae)
  [554/2985] 26__M_Right_middle  <-  26__M_Right_middle_2.BMP  (50 minutiae)
  [555/2985] 26__M_Right_middle  <-  26__M_Right_middle_3.BMP  (50 minutiae)
  [556/2985] 26__M_Right_ring  <-  26__M_Right_ring_1.BMP  (50 minutiae)
  [557/2985] 26__M_Right_ring  <-  26__M_Right_ring_2.BMP  (50 minutiae)
  [558/2985] 26__M_Right_ring  <-  26__M_Right_ring_3.BMP  (50 minutiae)
  [559/2985] 26__M_Right_thumb  <-  26__M_Right_thumb_1.BMP  (50 minutiae)
  [560/2985] 26__M_Right_thumb  <-  26__M_Right_thumb_2.BMP  (50 minutiae)
  [561/2985] 26__M_Right_thumb  <-  26__M_Right_thumb_3.BMP  (50 minutiae)
  [562/2985] 27__M_Left_index  <-  27__M_Left_index_1.BMP  (50 minutiae)
  [563/2985] 27__M_Left_index  <-  27__M_Left_index_2.BMP  (50 minutiae)
  [564/2985] 27__M_Left_index  <-  27__M_Left_index_3.BMP  (50 minutiae)
  [565/2985] 27__M_Left_little  <-  27__M_Left_little_1.BMP  (50 minutiae)
  [566/2985] 27__M_Left_little  <-  27__M_Left_little_2.BMP  (50 minutiae)
  [567/2985] 27__M_Left_little  <-  27__M_Left_little_3.BMP  (50 minutiae)
  [568/2985] 27__M_Left_middle  <-  27__M_Left_middle_1.BMP  (50 minutiae)
  [569/2985] 27__M_Left_middle  <-  27__M_Left_middle_2.BMP  (50 minutiae)
  [570/2985] 27__M_Left_middle  <-  27__M_Left_middle_3.BMP  (50 minutiae)
  [571/2985] 27__M_Left_ring  <-  27__M_Left_ring_1.BMP  (50 minutiae)
  [572/2985] 27__M_Left_ring  <-  27__M_Left_ring_2.BMP  (50 minutiae)
  [573/2985] 27__M_Left_ring  <-  27__M_Left_ring_3.BMP  (50 minutiae)
  [574/2985] 27__M_Left_thumb  <-  27__M_Left_thumb_1.BMP  (50 minutiae)
  [575/2985] 27__M_Left_thumb  <-  27__M_Left_thumb_2.BMP  (50 minutiae)
  [576/2985] 27__M_Left_thumb  <-  27__M_Left_thumb_3.BMP  (50 minutiae)
  [577/2985] 27__M_Right_index  <-  27__M_Right_index_1.BMP  (50 minutiae)
  [578/2985] 27__M_Right_index  <-  27__M_Right_index_2.BMP  (50 minutiae)
  [579/2985] 27__M_Right_index  <-  27__M_Right_index_3.BMP  (50 minutiae)
  [580/2985] 27__M_Right_little  <-  27__M_Right_little_1.BMP  (50 minutiae)
  [581/2985] 27__M_Right_little  <-  27__M_Right_little_2.BMP  (50 minutiae)
  [582/2985] 27__M_Right_little  <-  27__M_Right_little_3.BMP  (50 minutiae)
  [583/2985] 27__M_Right_middle  <-  27__M_Right_middle_1.BMP  (50 minutiae)
  [584/2985] 27__M_Right_middle  <-  27__M_Right_middle_2.BMP  (50 minutiae)
  [585/2985] 27__M_Right_middle  <-  27__M_Right_middle_3.BMP  (50 minutiae)
  [586/2985] 27__M_Right_ring  <-  27__M_Right_ring_1.BMP  (50 minutiae)
  [587/2985] 27__M_Right_ring  <-  27__M_Right_ring_2.BMP  (50 minutiae)
  [588/2985] 27__M_Right_ring  <-  27__M_Right_ring_3.BMP  (50 minutiae)
  [589/2985] 27__M_Right_thumb  <-  27__M_Right_thumb_1.BMP  (50 minutiae)
  [590/2985] 27__M_Right_thumb  <-  27__M_Right_thumb_2.BMP  (50 minutiae)
  [591/2985] 27__M_Right_thumb  <-  27__M_Right_thumb_3.BMP  (50 minutiae)
  [592/2985] 28__M_Left_index  <-  28__M_Left_index_1.BMP  (50 minutiae)
  [593/2985] 28__M_Left_index  <-  28__M_Left_index_2.BMP  (50 minutiae)
  [594/2985] 28__M_Left_index  <-  28__M_Left_index_3.BMP  (50 minutiae)
  [595/2985] 28__M_Left_little  <-  28__M_Left_little_1.BMP  (50 minutiae)
  [596/2985] 28__M_Left_little  <-  28__M_Left_little_2.BMP  (50 minutiae)
  [597/2985] 28__M_Left_little  <-  28__M_Left_little_3.BMP  (50 minutiae)
  [598/2985] 28__M_Left_middle  <-  28__M_Left_middle_1.BMP  (50 minutiae)
  [599/2985] 28__M_Left_middle  <-  28__M_Left_middle_2.BMP  (50 minutiae)
  [600/2985] 28__M_Left_middle  <-  28__M_Left_middle_3.BMP  (50 minutiae)
  [601/2985] 28__M_Left_ring  <-  28__M_Left_ring_1.BMP  (50 minutiae)
  [602/2985] 28__M_Left_ring  <-  28__M_Left_ring_2.BMP  (50 minutiae)
  [603/2985] 28__M_Left_ring  <-  28__M_Left_ring_3.BMP  (50 minutiae)
  [604/2985] 28__M_Left_thumb  <-  28__M_Left_thumb_1.BMP  (50 minutiae)
  [605/2985] 28__M_Left_thumb  <-  28__M_Left_thumb_2.BMP  (50 minutiae)
  [606/2985] 28__M_Left_thumb  <-  28__M_Left_thumb_3.BMP  (50 minutiae)
  [607/2985] 28__M_Right_index  <-  28__M_Right_index_1.BMP  (50 minutiae)
  [608/2985] 28__M_Right_index  <-  28__M_Right_index_2.BMP  (50 minutiae)
  [609/2985] 28__M_Right_index  <-  28__M_Right_index_3.BMP  (50 minutiae)
  [610/2985] 28__M_Right_little  <-  28__M_Right_little_1.BMP  (50 minutiae)
  [611/2985] 28__M_Right_little  <-  28__M_Right_little_2.BMP  (50 minutiae)
  [612/2985] 28__M_Right_little  <-  28__M_Right_little_3.BMP  (50 minutiae)
  [613/2985] 28__M_Right_middle  <-  28__M_Right_middle_1.BMP  (50 minutiae)
  [614/2985] 28__M_Right_middle  <-  28__M_Right_middle_2.BMP  (50 minutiae)
  [615/2985] 28__M_Right_middle  <-  28__M_Right_middle_3.BMP  (50 minutiae)
  [616/2985] 28__M_Right_ring  <-  28__M_Right_ring_1.BMP  (50 minutiae)
  [617/2985] 28__M_Right_ring  <-  28__M_Right_ring_2.BMP  (50 minutiae)
  [618/2985] 28__M_Right_ring  <-  28__M_Right_ring_3.BMP  (50 minutiae)
  [619/2985] 28__M_Right_thumb  <-  28__M_Right_thumb_1.BMP  (50 minutiae)
  [620/2985] 28__M_Right_thumb  <-  28__M_Right_thumb_2.BMP  (50 minutiae)
  [621/2985] 28__M_Right_thumb  <-  28__M_Right_thumb_3.BMP  (50 minutiae)
  [622/2985] 29__F_Left_index  <-  29__F_Left_index_1.BMP  (50 minutiae)
  [623/2985] 29__F_Left_index  <-  29__F_Left_index_2.BMP  (50 minutiae)
  [624/2985] 29__F_Left_index  <-  29__F_Left_index_3.BMP  (50 minutiae)
  [625/2985] 29__F_Left_little  <-  29__F_Left_little_1.BMP  (50 minutiae)
  [626/2985] 29__F_Left_little  <-  29__F_Left_little_2.BMP  (50 minutiae)
  [627/2985] 29__F_Left_little  <-  29__F_Left_little_3.BMP  (50 minutiae)
  [628/2985] 29__F_Left_middle  <-  29__F_Left_middle_1.BMP  (50 minutiae)
  [629/2985] 29__F_Left_middle  <-  29__F_Left_middle_2.BMP  (50 minutiae)
  [630/2985] 29__F_Left_middle  <-  29__F_Left_middle_3.BMP  (50 minutiae)
  [631/2985] 29__F_Left_ring  <-  29__F_Left_ring_1.BMP  (50 minutiae)
  [632/2985] 29__F_Left_ring  <-  29__F_Left_ring_2.BMP  (50 minutiae)
  [633/2985] 29__F_Left_ring  <-  29__F_Left_ring_3.BMP  (50 minutiae)
  [634/2985] 29__F_Left_thumb  <-  29__F_Left_thumb_1.BMP  (50 minutiae)
  [635/2985] 29__F_Left_thumb  <-  29__F_Left_thumb_2.BMP  (50 minutiae)
  [636/2985] 29__F_Left_thumb  <-  29__F_Left_thumb_3.BMP  (50 minutiae)
  [637/2985] 29__F_Right_index  <-  29__F_Right_index_1.BMP  (50 minutiae)
  [638/2985] 29__F_Right_index  <-  29__F_Right_index_2.BMP  (50 minutiae)
  [639/2985] 29__F_Right_index  <-  29__F_Right_index_3.BMP  (50 minutiae)
  [640/2985] 29__F_Right_little  <-  29__F_Right_little_1.BMP  (50 minutiae)
  [641/2985] 29__F_Right_little  <-  29__F_Right_little_2.BMP  (50 minutiae)
  [642/2985] 29__F_Right_little  <-  29__F_Right_little_3.BMP  (50 minutiae)
  [643/2985] 29__F_Right_middle  <-  29__F_Right_middle_1.BMP  (50 minutiae)
  [644/2985] 29__F_Right_middle  <-  29__F_Right_middle_2.BMP  (50 minutiae)
  [645/2985] 29__F_Right_middle  <-  29__F_Right_middle_3.BMP  (50 minutiae)
  [646/2985] 29__F_Right_ring  <-  29__F_Right_ring_1.BMP  (50 minutiae)
  [647/2985] 29__F_Right_ring  <-  29__F_Right_ring_2.BMP  (50 minutiae)
  [648/2985] 29__F_Right_ring  <-  29__F_Right_ring_3.BMP  (50 minutiae)
  [649/2985] 29__F_Right_thumb  <-  29__F_Right_thumb_1.BMP  (50 minutiae)
  [650/2985] 29__F_Right_thumb  <-  29__F_Right_thumb_2.BMP  (50 minutiae)
  [651/2985] 29__F_Right_thumb  <-  29__F_Right_thumb_3.BMP  (50 minutiae)
  [652/2985] 2__F_Left_index  <-  2__F_Left_index_1.BMP  (50 minutiae)
  [653/2985] 2__F_Left_index  <-  2__F_Left_index_2.BMP  (50 minutiae)
  [654/2985] 2__F_Left_index  <-  2__F_Left_index_3.BMP  (50 minutiae)
  [655/2985] 2__F_Left_little  <-  2__F_Left_little_1.BMP  (50 minutiae)
  [656/2985] 2__F_Left_little  <-  2__F_Left_little_2.BMP  (50 minutiae)
  [657/2985] 2__F_Left_little  <-  2__F_Left_little_3.BMP  (50 minutiae)
  [658/2985] 2__F_Left_middle  <-  2__F_Left_middle_1.BMP  (50 minutiae)
  [659/2985] 2__F_Left_middle  <-  2__F_Left_middle_2.BMP  (50 minutiae)
  [660/2985] 2__F_Left_middle  <-  2__F_Left_middle_3.BMP  (50 minutiae)
  [661/2985] 2__F_Left_ring  <-  2__F_Left_ring_1.BMP  (50 minutiae)
  [662/2985] 2__F_Left_ring  <-  2__F_Left_ring_2.BMP  (50 minutiae)
  [663/2985] 2__F_Left_ring  <-  2__F_Left_ring_3.BMP  (50 minutiae)
  [664/2985] 2__F_Left_thumb  <-  2__F_Left_thumb_1.BMP  (50 minutiae)
  [665/2985] 2__F_Left_thumb  <-  2__F_Left_thumb_2.BMP  (50 minutiae)
  [666/2985] 2__F_Left_thumb  <-  2__F_Left_thumb_3.BMP  (50 minutiae)
  [667/2985] 2__F_Right_index  <-  2__F_Right_index_1.BMP  (50 minutiae)
  [668/2985] 2__F_Right_index  <-  2__F_Right_index_2.BMP  (50 minutiae)
  [669/2985] 2__F_Right_index  <-  2__F_Right_index_3.BMP  (50 minutiae)
  [670/2985] 2__F_Right_little  <-  2__F_Right_little_1.BMP  (50 minutiae)
  [671/2985] 2__F_Right_little  <-  2__F_Right_little_2.BMP  (50 minutiae)
  [672/2985] 2__F_Right_little  <-  2__F_Right_little_3.BMP  (50 minutiae)
  [673/2985] 2__F_Right_middle  <-  2__F_Right_middle_1.BMP  (50 minutiae)
  [674/2985] 2__F_Right_middle  <-  2__F_Right_middle_2.BMP  (50 minutiae)
  [675/2985] 2__F_Right_middle  <-  2__F_Right_middle_3.BMP  (50 minutiae)
  [676/2985] 2__F_Right_ring  <-  2__F_Right_ring_1.BMP  (50 minutiae)
  [677/2985] 2__F_Right_ring  <-  2__F_Right_ring_2.BMP  (50 minutiae)
  [678/2985] 2__F_Right_ring  <-  2__F_Right_ring_3.BMP  (50 minutiae)
  [679/2985] 2__F_Right_thumb  <-  2__F_Right_thumb_1.BMP  (50 minutiae)
  [680/2985] 2__F_Right_thumb  <-  2__F_Right_thumb_2.BMP  (50 minutiae)
  [681/2985] 2__F_Right_thumb  <-  2__F_Right_thumb_3.BMP  (50 minutiae)
  [682/2985] 30__F_Left_index  <-  30__F_Left_index_1.BMP  (50 minutiae)
  [683/2985] 30__F_Left_index  <-  30__F_Left_index_2.BMP  (50 minutiae)
  [684/2985] 30__F_Left_index  <-  30__F_Left_index_3.BMP  (50 minutiae)
  [685/2985] 30__F_Left_little  <-  30__F_Left_little_1.BMP  (50 minutiae)
  [686/2985] 30__F_Left_little  <-  30__F_Left_little_2.BMP  (50 minutiae)
  [687/2985] 30__F_Left_little  <-  30__F_Left_little_3.BMP  (50 minutiae)
  [688/2985] 30__F_Left_middle  <-  30__F_Left_middle_1.BMP  (50 minutiae)
  [689/2985] 30__F_Left_middle  <-  30__F_Left_middle_2.BMP  (50 minutiae)
  [690/2985] 30__F_Left_middle  <-  30__F_Left_middle_3.BMP  (50 minutiae)
  [691/2985] 30__F_Left_ring  <-  30__F_Left_ring_1.BMP  (50 minutiae)
  [692/2985] 30__F_Left_ring  <-  30__F_Left_ring_2.BMP  (50 minutiae)
  [693/2985] 30__F_Left_ring  <-  30__F_Left_ring_3.BMP  (50 minutiae)
  [694/2985] 30__F_Left_thumb  <-  30__F_Left_thumb_1.BMP  (50 minutiae)
  [695/2985] 30__F_Left_thumb  <-  30__F_Left_thumb_2.BMP  (50 minutiae)
  [696/2985] 30__F_Left_thumb  <-  30__F_Left_thumb_3.BMP  (50 minutiae)
  [697/2985] 30__F_Right_index  <-  30__F_Right_index_1.BMP  (50 minutiae)
  [698/2985] 30__F_Right_index  <-  30__F_Right_index_2.BMP  (50 minutiae)
  [699/2985] 30__F_Right_index  <-  30__F_Right_index_3.BMP  (50 minutiae)
  [700/2985] 30__F_Right_little  <-  30__F_Right_little_1.BMP  (50 minutiae)
  [701/2985] 30__F_Right_little  <-  30__F_Right_little_2.BMP  (50 minutiae)
  [702/2985] 30__F_Right_little  <-  30__F_Right_little_3.BMP  (50 minutiae)
  [703/2985] 30__F_Right_middle  <-  30__F_Right_middle_1.BMP  (50 minutiae)
  [704/2985] 30__F_Right_middle  <-  30__F_Right_middle_2.BMP  (50 minutiae)
  [705/2985] 30__F_Right_middle  <-  30__F_Right_middle_3.BMP  (50 minutiae)
  [706/2985] 30__F_Right_ring  <-  30__F_Right_ring_1.BMP  (50 minutiae)
  [707/2985] 30__F_Right_ring  <-  30__F_Right_ring_2.BMP  (50 minutiae)
  [708/2985] 30__F_Right_ring  <-  30__F_Right_ring_3.BMP  (50 minutiae)
  [709/2985] 30__F_Right_thumb  <-  30__F_Right_thumb_1.BMP  (50 minutiae)
  [710/2985] 30__F_Right_thumb  <-  30__F_Right_thumb_2.BMP  (50 minutiae)
  [711/2985] 30__F_Right_thumb  <-  30__F_Right_thumb_3.BMP  (50 minutiae)
  [712/2985] 31__F_Left_index  <-  31__F_Left_index_1.BMP  (50 minutiae)
  [713/2985] 31__F_Left_index  <-  31__F_Left_index_2.BMP  (50 minutiae)
  [714/2985] 31__F_Left_index  <-  31__F_Left_index_3.BMP  (50 minutiae)
  [715/2985] 31__F_Left_little  <-  31__F_Left_little_1.BMP  (50 minutiae)
  [716/2985] 31__F_Left_little  <-  31__F_Left_little_2.BMP  (50 minutiae)
  [717/2985] 31__F_Left_little  <-  31__F_Left_little_3.BMP  (50 minutiae)
  [718/2985] 31__F_Left_middle  <-  31__F_Left_middle_1.BMP  (50 minutiae)
  [719/2985] 31__F_Left_middle  <-  31__F_Left_middle_2.BMP  (50 minutiae)
  [720/2985] 31__F_Left_middle  <-  31__F_Left_middle_3.BMP  (50 minutiae)
  [721/2985] 31__F_Left_ring  <-  31__F_Left_ring_1.BMP  (50 minutiae)
  [722/2985] 31__F_Left_ring  <-  31__F_Left_ring_2.BMP  (50 minutiae)
  [723/2985] 31__F_Left_ring  <-  31__F_Left_ring_3.BMP  (50 minutiae)
  [724/2985] 31__F_Left_thumb  <-  31__F_Left_thumb_1.BMP  (50 minutiae)
  [725/2985] 31__F_Left_thumb  <-  31__F_Left_thumb_2.BMP  (50 minutiae)
  [726/2985] 31__F_Left_thumb  <-  31__F_Left_thumb_3.BMP  (50 minutiae)
  [727/2985] 31__F_Right_index  <-  31__F_Right_index_1.BMP  (50 minutiae)
  [728/2985] 31__F_Right_index  <-  31__F_Right_index_2.BMP  (50 minutiae)
  [729/2985] 31__F_Right_index  <-  31__F_Right_index_3.BMP  (50 minutiae)
  [730/2985] 31__F_Right_little  <-  31__F_Right_little_1.BMP  (50 minutiae)
  [731/2985] 31__F_Right_little  <-  31__F_Right_little_2.BMP  (50 minutiae)
  [732/2985] 31__F_Right_little  <-  31__F_Right_little_3.BMP  (50 minutiae)
  [733/2985] 31__F_Right_middle  <-  31__F_Right_middle_1.BMP  (50 minutiae)
  [734/2985] 31__F_Right_middle  <-  31__F_Right_middle_2.BMP  (50 minutiae)
  [735/2985] 31__F_Right_middle  <-  31__F_Right_middle_3.BMP  (50 minutiae)
  [736/2985] 31__F_Right_ring  <-  31__F_Right_ring_1.BMP  (50 minutiae)
  [737/2985] 31__F_Right_thumb  <-  31__F_Right_thumb_1.BMP  (50 minutiae)
  [738/2985] 31__F_Right_thumb  <-  31__F_Right_thumb_2.BMP  (50 minutiae)
  [739/2985] 31__F_Right_thumb  <-  31__F_Right_thumb_3.BMP  (50 minutiae)
  [740/2985] 32__M_Left_index  <-  32__M_Left_index_1.BMP  (50 minutiae)
  [741/2985] 32__M_Left_index  <-  32__M_Left_index_2.BMP  (50 minutiae)
  [742/2985] 32__M_Left_index  <-  32__M_Left_index_3.BMP  (50 minutiae)
  [743/2985] 32__M_Left_little  <-  32__M_Left_little_1.BMP  (50 minutiae)
  [744/2985] 32__M_Left_little  <-  32__M_Left_little_2.BMP  (50 minutiae)
  [745/2985] 32__M_Left_little  <-  32__M_Left_little_3.BMP  (50 minutiae)
  [746/2985] 32__M_Left_middle  <-  32__M_Left_middle_1.BMP  (50 minutiae)
  [747/2985] 32__M_Left_middle  <-  32__M_Left_middle_2.BMP  (50 minutiae)
  [748/2985] 32__M_Left_middle  <-  32__M_Left_middle_3.BMP  (50 minutiae)
  [749/2985] 32__M_Left_ring  <-  32__M_Left_ring_1.BMP  (50 minutiae)
  [750/2985] 32__M_Left_ring  <-  32__M_Left_ring_2.BMP  (50 minutiae)
  [751/2985] 32__M_Left_ring  <-  32__M_Left_ring_3.BMP  (50 minutiae)
  [752/2985] 32__M_Left_thumb  <-  32__M_Left_thumb_1.BMP  (50 minutiae)
  [753/2985] 32__M_Left_thumb  <-  32__M_Left_thumb_2.BMP  (50 minutiae)
  [754/2985] 32__M_Left_thumb  <-  32__M_Left_thumb_3.BMP  (50 minutiae)
  [755/2985] 32__M_Right_index  <-  32__M_Right_index_1.BMP  (50 minutiae)
  [756/2985] 32__M_Right_index  <-  32__M_Right_index_2.BMP  (50 minutiae)
  [757/2985] 32__M_Right_index  <-  32__M_Right_index_3.BMP  (50 minutiae)
  [758/2985] 32__M_Right_little  <-  32__M_Right_little_1.BMP  (50 minutiae)
  [759/2985] 32__M_Right_little  <-  32__M_Right_little_2.BMP  (50 minutiae)
  [760/2985] 32__M_Right_little  <-  32__M_Right_little_3.BMP  (50 minutiae)
  [761/2985] 32__M_Right_middle  <-  32__M_Right_middle_1.BMP  (50 minutiae)
  [762/2985] 32__M_Right_middle  <-  32__M_Right_middle_2.BMP  (50 minutiae)
  [763/2985] 32__M_Right_middle  <-  32__M_Right_middle_3.BMP  (50 minutiae)
  [764/2985] 32__M_Right_ring  <-  32__M_Right_ring_1.BMP  (50 minutiae)
  [765/2985] 32__M_Right_ring  <-  32__M_Right_ring_2.BMP  (50 minutiae)
  [766/2985] 32__M_Right_ring  <-  32__M_Right_ring_3.BMP  (50 minutiae)
  [767/2985] 32__M_Right_thumb  <-  32__M_Right_thumb_1.BMP  (50 minutiae)
  [768/2985] 32__M_Right_thumb  <-  32__M_Right_thumb_2.BMP  (50 minutiae)
  [769/2985] 32__M_Right_thumb  <-  32__M_Right_thumb_3.BMP  (50 minutiae)
  [770/2985] 33__M_Left_index  <-  33__M_Left_index_1.BMP  (50 minutiae)
  [771/2985] 33__M_Left_index  <-  33__M_Left_index_2.BMP  (50 minutiae)
  [772/2985] 33__M_Left_index  <-  33__M_Left_index_3.BMP  (50 minutiae)
  [773/2985] 33__M_Left_little  <-  33__M_Left_little_1.BMP  (50 minutiae)
  [774/2985] 33__M_Left_little  <-  33__M_Left_little_2.BMP  (50 minutiae)
  [775/2985] 33__M_Left_little  <-  33__M_Left_little_3.BMP  (50 minutiae)
  [776/2985] 33__M_Left_middle  <-  33__M_Left_middle_1.BMP  (50 minutiae)
  [777/2985] 33__M_Left_middle  <-  33__M_Left_middle_2.BMP  (50 minutiae)
  [778/2985] 33__M_Left_middle  <-  33__M_Left_middle_3.BMP  (50 minutiae)
  [779/2985] 33__M_Left_ring  <-  33__M_Left_ring_1.BMP  (50 minutiae)
  [780/2985] 33__M_Left_ring  <-  33__M_Left_ring_2.BMP  (50 minutiae)
  [781/2985] 33__M_Left_ring  <-  33__M_Left_ring_3.BMP  (50 minutiae)
  [782/2985] 33__M_Left_thumb  <-  33__M_Left_thumb_1.BMP  (50 minutiae)
  [783/2985] 33__M_Left_thumb  <-  33__M_Left_thumb_2.BMP  (50 minutiae)
  [784/2985] 33__M_Left_thumb  <-  33__M_Left_thumb_3.BMP  (50 minutiae)
  [785/2985] 33__M_Right_index  <-  33__M_Right_index_1.BMP  (50 minutiae)
  [786/2985] 33__M_Right_index  <-  33__M_Right_index_2.BMP  (50 minutiae)
  [787/2985] 33__M_Right_index  <-  33__M_Right_index_3.BMP  (50 minutiae)
  [788/2985] 33__M_Right_little  <-  33__M_Right_little_1.BMP  (50 minutiae)
  [789/2985] 33__M_Right_little  <-  33__M_Right_little_2.BMP  (50 minutiae)
  [790/2985] 33__M_Right_little  <-  33__M_Right_little_3.BMP  (50 minutiae)
  [791/2985] 33__M_Right_middle  <-  33__M_Right_middle_1.BMP  (50 minutiae)
  [792/2985] 33__M_Right_middle  <-  33__M_Right_middle_2.BMP  (50 minutiae)
  [793/2985] 33__M_Right_middle  <-  33__M_Right_middle_3.BMP  (50 minutiae)
  [794/2985] 33__M_Right_ring  <-  33__M_Right_ring_1.BMP  (50 minutiae)
  [795/2985] 33__M_Right_ring  <-  33__M_Right_ring_2.BMP  (50 minutiae)
  [796/2985] 33__M_Right_ring  <-  33__M_Right_ring_3.BMP  (50 minutiae)
  [797/2985] 33__M_Right_thumb  <-  33__M_Right_thumb_1.BMP  (50 minutiae)
  [798/2985] 33__M_Right_thumb  <-  33__M_Right_thumb_2.BMP  (50 minutiae)
  [799/2985] 33__M_Right_thumb  <-  33__M_Right_thumb_3.BMP  (50 minutiae)
  [800/2985] 34__M_Left_index  <-  34__M_Left_index_1.BMP  (50 minutiae)
  [801/2985] 34__M_Left_index  <-  34__M_Left_index_2.BMP  (50 minutiae)
  [802/2985] 34__M_Left_index  <-  34__M_Left_index_3.BMP  (50 minutiae)
  [803/2985] 34__M_Left_little  <-  34__M_Left_little_1.BMP  (50 minutiae)
  [804/2985] 34__M_Left_little  <-  34__M_Left_little_2.BMP  (50 minutiae)
  [805/2985] 34__M_Left_little  <-  34__M_Left_little_3.BMP  (50 minutiae)
  [806/2985] 34__M_Left_middle  <-  34__M_Left_middle_1.BMP  (50 minutiae)
  [807/2985] 34__M_Left_middle  <-  34__M_Left_middle_2.BMP  (50 minutiae)
  [808/2985] 34__M_Left_middle  <-  34__M_Left_middle_3.BMP  (50 minutiae)
  [809/2985] 34__M_Left_ring  <-  34__M_Left_ring_1.BMP  (50 minutiae)
  [810/2985] 34__M_Left_ring  <-  34__M_Left_ring_2.BMP  (50 minutiae)
  [811/2985] 34__M_Left_ring  <-  34__M_Left_ring_3.BMP  (50 minutiae)
  [812/2985] 34__M_Left_thumb  <-  34__M_Left_thumb_1.BMP  (50 minutiae)
  [813/2985] 34__M_Left_thumb  <-  34__M_Left_thumb_2.BMP  (50 minutiae)
  [814/2985] 34__M_Left_thumb  <-  34__M_Left_thumb_3.BMP  (50 minutiae)
  [815/2985] 34__M_Right_index  <-  34__M_Right_index_1.BMP  (50 minutiae)
  [816/2985] 34__M_Right_index  <-  34__M_Right_index_2.BMP  (50 minutiae)
  [817/2985] 34__M_Right_index  <-  34__M_Right_index_3.BMP  (50 minutiae)
  [818/2985] 34__M_Right_little  <-  34__M_Right_little_1.BMP  (50 minutiae)
  [819/2985] 34__M_Right_little  <-  34__M_Right_little_2.BMP  (50 minutiae)
  [820/2985] 34__M_Right_little  <-  34__M_Right_little_3.BMP  (50 minutiae)
  [821/2985] 34__M_Right_middle  <-  34__M_Right_middle_1.BMP  (50 minutiae)
  [822/2985] 34__M_Right_middle  <-  34__M_Right_middle_2.BMP  (50 minutiae)
  [823/2985] 34__M_Right_middle  <-  34__M_Right_middle_3.BMP  (50 minutiae)
  [824/2985] 34__M_Right_ring  <-  34__M_Right_ring_1.BMP  (50 minutiae)
  [825/2985] 34__M_Right_ring  <-  34__M_Right_ring_2.BMP  (50 minutiae)
  [826/2985] 34__M_Right_ring  <-  34__M_Right_ring_3.BMP  (50 minutiae)
  [827/2985] 34__M_Right_thumb  <-  34__M_Right_thumb_1.BMP  (50 minutiae)
  [828/2985] 34__M_Right_thumb  <-  34__M_Right_thumb_2.BMP  (50 minutiae)
  [829/2985] 34__M_Right_thumb  <-  34__M_Right_thumb_3.BMP  (50 minutiae)
  [830/2985] 35__M_Left_index  <-  35__M_Left_index_1.BMP  (50 minutiae)
  [831/2985] 35__M_Left_index  <-  35__M_Left_index_2.BMP  (50 minutiae)
  [832/2985] 35__M_Left_index  <-  35__M_Left_index_3.BMP  (50 minutiae)
  [833/2985] 35__M_Left_little  <-  35__M_Left_little_1.BMP  (50 minutiae)
  [834/2985] 35__M_Left_little  <-  35__M_Left_little_2.BMP  (50 minutiae)
  [835/2985] 35__M_Left_little  <-  35__M_Left_little_3.BMP  (50 minutiae)
  [836/2985] 35__M_Left_middle  <-  35__M_Left_middle_1.BMP  (50 minutiae)
  [837/2985] 35__M_Left_middle  <-  35__M_Left_middle_2.BMP  (50 minutiae)
  [838/2985] 35__M_Left_middle  <-  35__M_Left_middle_3.BMP  (50 minutiae)
  [839/2985] 35__M_Left_ring  <-  35__M_Left_ring_1.BMP  (50 minutiae)
  [840/2985] 35__M_Left_ring  <-  35__M_Left_ring_2.BMP  (50 minutiae)
  [841/2985] 35__M_Left_ring  <-  35__M_Left_ring_3.BMP  (50 minutiae)
  [842/2985] 35__M_Left_thumb  <-  35__M_Left_thumb_1.BMP  (50 minutiae)
  [843/2985] 35__M_Left_thumb  <-  35__M_Left_thumb_2.BMP  (50 minutiae)
  [844/2985] 35__M_Left_thumb  <-  35__M_Left_thumb_3.BMP  (50 minutiae)
  [845/2985] 35__M_Right_index  <-  35__M_Right_index_1.BMP  (50 minutiae)
  [846/2985] 35__M_Right_index  <-  35__M_Right_index_2.BMP  (50 minutiae)
  [847/2985] 35__M_Right_index  <-  35__M_Right_index_3.BMP  (50 minutiae)
  [848/2985] 35__M_Right_little  <-  35__M_Right_little_1.BMP  (50 minutiae)
  [849/2985] 35__M_Right_little  <-  35__M_Right_little_2.BMP  (50 minutiae)
  [850/2985] 35__M_Right_little  <-  35__M_Right_little_3.BMP  (50 minutiae)
  [851/2985] 35__M_Right_middle  <-  35__M_Right_middle_1.BMP  (50 minutiae)
  [852/2985] 35__M_Right_middle  <-  35__M_Right_middle_2.BMP  (50 minutiae)
  [853/2985] 35__M_Right_middle  <-  35__M_Right_middle_3.BMP  (50 minutiae)
  [854/2985] 35__M_Right_ring  <-  35__M_Right_ring_1.BMP  (50 minutiae)
  [855/2985] 35__M_Right_ring  <-  35__M_Right_ring_2.BMP  (50 minutiae)
  [856/2985] 35__M_Right_ring  <-  35__M_Right_ring_3.BMP  (50 minutiae)
  [857/2985] 35__M_Right_thumb  <-  35__M_Right_thumb_1.BMP  (50 minutiae)
  [858/2985] 35__M_Right_thumb  <-  35__M_Right_thumb_2.BMP  (50 minutiae)
  [859/2985] 35__M_Right_thumb  <-  35__M_Right_thumb_3.BMP  (50 minutiae)
  [860/2985] 36__M_Left_index  <-  36__M_Left_index_1.BMP  (50 minutiae)
  [861/2985] 36__M_Left_index  <-  36__M_Left_index_2.BMP  (50 minutiae)
  [862/2985] 36__M_Left_index  <-  36__M_Left_index_3.BMP  (50 minutiae)
  [863/2985] 36__M_Left_little  <-  36__M_Left_little_1.BMP  (50 minutiae)
  [864/2985] 36__M_Left_little  <-  36__M_Left_little_2.BMP  (50 minutiae)
  [865/2985] 36__M_Left_little  <-  36__M_Left_little_3.BMP  (50 minutiae)
  [866/2985] 36__M_Left_middle  <-  36__M_Left_middle_1.BMP  (50 minutiae)
  [867/2985] 36__M_Left_middle  <-  36__M_Left_middle_2.BMP  (50 minutiae)
  [868/2985] 36__M_Left_middle  <-  36__M_Left_middle_3.BMP  (50 minutiae)
  [869/2985] 36__M_Left_ring  <-  36__M_Left_ring_1.BMP  (50 minutiae)
  [870/2985] 36__M_Left_ring  <-  36__M_Left_ring_2.BMP  (50 minutiae)
  [871/2985] 36__M_Left_ring  <-  36__M_Left_ring_3.BMP  (50 minutiae)
  [872/2985] 36__M_Left_thumb  <-  36__M_Left_thumb_1.BMP  (50 minutiae)
  [873/2985] 36__M_Left_thumb  <-  36__M_Left_thumb_2.BMP  (50 minutiae)
  [874/2985] 36__M_Left_thumb  <-  36__M_Left_thumb_3.BMP  (50 minutiae)
  [875/2985] 36__M_Right_index  <-  36__M_Right_index_1.BMP  (50 minutiae)
  [876/2985] 36__M_Right_index  <-  36__M_Right_index_2.BMP  (50 minutiae)
  [877/2985] 36__M_Right_index  <-  36__M_Right_index_3.BMP  (50 minutiae)
  [878/2985] 36__M_Right_little  <-  36__M_Right_little_1.BMP  (50 minutiae)
  [879/2985] 36__M_Right_little  <-  36__M_Right_little_2.BMP  (50 minutiae)
  [880/2985] 36__M_Right_little  <-  36__M_Right_little_3.BMP  (50 minutiae)
  [881/2985] 36__M_Right_middle  <-  36__M_Right_middle_1.BMP  (50 minutiae)
  [882/2985] 36__M_Right_middle  <-  36__M_Right_middle_2.BMP  (50 minutiae)
  [883/2985] 36__M_Right_middle  <-  36__M_Right_middle_3.BMP  (50 minutiae)
  [884/2985] 36__M_Right_ring  <-  36__M_Right_ring_1.BMP  (50 minutiae)
  [885/2985] 36__M_Right_ring  <-  36__M_Right_ring_2.BMP  (50 minutiae)
  [886/2985] 36__M_Right_ring  <-  36__M_Right_ring_3.BMP  (50 minutiae)
  [887/2985] 36__M_Right_thumb  <-  36__M_Right_thumb_1.BMP  (50 minutiae)
  [888/2985] 36__M_Right_thumb  <-  36__M_Right_thumb_2.BMP  (50 minutiae)
  [889/2985] 36__M_Right_thumb  <-  36__M_Right_thumb_3.BMP  (50 minutiae)
  [890/2985] 37__M_Left_index  <-  37__M_Left_index_1.BMP  (50 minutiae)
  [891/2985] 37__M_Left_index  <-  37__M_Left_index_2.BMP  (50 minutiae)
  [892/2985] 37__M_Left_index  <-  37__M_Left_index_3.BMP  (50 minutiae)
  [893/2985] 37__M_Left_little  <-  37__M_Left_little_1.BMP  (50 minutiae)
  [894/2985] 37__M_Left_little  <-  37__M_Left_little_2.BMP  (50 minutiae)
  [895/2985] 37__M_Left_little  <-  37__M_Left_little_3.BMP  (50 minutiae)
  [896/2985] 37__M_Left_middle  <-  37__M_Left_middle_1.BMP  (50 minutiae)
  [897/2985] 37__M_Left_middle  <-  37__M_Left_middle_2.BMP  (50 minutiae)
  [898/2985] 37__M_Left_middle  <-  37__M_Left_middle_3.BMP  (50 minutiae)
  [899/2985] 37__M_Left_ring  <-  37__M_Left_ring_1.BMP  (50 minutiae)
  [900/2985] 37__M_Left_ring  <-  37__M_Left_ring_2.BMP  (50 minutiae)
  [901/2985] 37__M_Left_ring  <-  37__M_Left_ring_3.BMP  (50 minutiae)
  [902/2985] 37__M_Left_thumb  <-  37__M_Left_thumb_1.BMP  (50 minutiae)
  [903/2985] 37__M_Left_thumb  <-  37__M_Left_thumb_2.BMP  (50 minutiae)
  [904/2985] 37__M_Left_thumb  <-  37__M_Left_thumb_3.BMP  (50 minutiae)
  [905/2985] 37__M_Right_index  <-  37__M_Right_index_1.BMP  (50 minutiae)
  [906/2985] 37__M_Right_index  <-  37__M_Right_index_2.BMP  (50 minutiae)
  [907/2985] 37__M_Right_index  <-  37__M_Right_index_3.BMP  (50 minutiae)
  [908/2985] 37__M_Right_little  <-  37__M_Right_little_1.BMP  (50 minutiae)
  [909/2985] 37__M_Right_little  <-  37__M_Right_little_2.BMP  (50 minutiae)
  [910/2985] 37__M_Right_little  <-  37__M_Right_little_3.BMP  (50 minutiae)
  [911/2985] 37__M_Right_middle  <-  37__M_Right_middle_1.BMP  (50 minutiae)
  [912/2985] 37__M_Right_middle  <-  37__M_Right_middle_2.BMP  (50 minutiae)
  [913/2985] 37__M_Right_middle  <-  37__M_Right_middle_3.BMP  (50 minutiae)
  [914/2985] 37__M_Right_ring  <-  37__M_Right_ring_1.BMP  (50 minutiae)
  [915/2985] 37__M_Right_ring  <-  37__M_Right_ring_2.BMP  (50 minutiae)
  [916/2985] 37__M_Right_ring  <-  37__M_Right_ring_3.BMP  (50 minutiae)
  [917/2985] 37__M_Right_thumb  <-  37__M_Right_thumb_1.BMP  (50 minutiae)
  [918/2985] 37__M_Right_thumb  <-  37__M_Right_thumb_2.BMP  (50 minutiae)
  [919/2985] 37__M_Right_thumb  <-  37__M_Right_thumb_3.BMP  (50 minutiae)
  [920/2985] 38__M_Left_index  <-  38__M_Left_index_1.BMP  (50 minutiae)
  [921/2985] 38__M_Left_index  <-  38__M_Left_index_2.BMP  (50 minutiae)
  [922/2985] 38__M_Left_index  <-  38__M_Left_index_3.BMP  (50 minutiae)
  [923/2985] 38__M_Left_little  <-  38__M_Left_little_1.BMP  (50 minutiae)
  [924/2985] 38__M_Left_little  <-  38__M_Left_little_2.BMP  (50 minutiae)
  [925/2985] 38__M_Left_little  <-  38__M_Left_little_3.BMP  (50 minutiae)
  [926/2985] 38__M_Left_middle  <-  38__M_Left_middle_1.BMP  (50 minutiae)
  [927/2985] 38__M_Left_middle  <-  38__M_Left_middle_2.BMP  (50 minutiae)
  [928/2985] 38__M_Left_middle  <-  38__M_Left_middle_3.BMP  (50 minutiae)
  [929/2985] 38__M_Left_ring  <-  38__M_Left_ring_1.BMP  (50 minutiae)
  [930/2985] 38__M_Left_ring  <-  38__M_Left_ring_2.BMP  (50 minutiae)
  [931/2985] 38__M_Left_ring  <-  38__M_Left_ring_3.BMP  (50 minutiae)
  [932/2985] 38__M_Left_thumb  <-  38__M_Left_thumb_1.BMP  (50 minutiae)
  [933/2985] 38__M_Left_thumb  <-  38__M_Left_thumb_2.BMP  (50 minutiae)
  [934/2985] 38__M_Left_thumb  <-  38__M_Left_thumb_3.BMP  (50 minutiae)
  [935/2985] 38__M_Right_index  <-  38__M_Right_index_1.BMP  (50 minutiae)
  [936/2985] 38__M_Right_index  <-  38__M_Right_index_2.BMP  (50 minutiae)
  [937/2985] 38__M_Right_index  <-  38__M_Right_index_3.BMP  (50 minutiae)
  [938/2985] 38__M_Right_little  <-  38__M_Right_little_1.BMP  (50 minutiae)
  [939/2985] 38__M_Right_little  <-  38__M_Right_little_2.BMP  (50 minutiae)
  [940/2985] 38__M_Right_little  <-  38__M_Right_little_3.BMP  (50 minutiae)
  [941/2985] 38__M_Right_middle  <-  38__M_Right_middle_1.BMP  (50 minutiae)
  [942/2985] 38__M_Right_middle  <-  38__M_Right_middle_2.BMP  (50 minutiae)
  [943/2985] 38__M_Right_middle  <-  38__M_Right_middle_3.BMP  (50 minutiae)
  [944/2985] 38__M_Right_ring  <-  38__M_Right_ring_1.BMP  (50 minutiae)
  [945/2985] 38__M_Right_ring  <-  38__M_Right_ring_2.BMP  (50 minutiae)
  [946/2985] 38__M_Right_ring  <-  38__M_Right_ring_3.BMP  (50 minutiae)
  [947/2985] 38__M_Right_thumb  <-  38__M_Right_thumb_1.BMP  (50 minutiae)
  [948/2985] 38__M_Right_thumb  <-  38__M_Right_thumb_2.BMP  (50 minutiae)
  [949/2985] 38__M_Right_thumb  <-  38__M_Right_thumb_3.BMP  (50 minutiae)
  [950/2985] 39__M_Left_index  <-  39__M_Left_index_1.BMP  (50 minutiae)
  [951/2985] 39__M_Left_index  <-  39__M_Left_index_2.BMP  (50 minutiae)
  [952/2985] 39__M_Left_index  <-  39__M_Left_index_3.BMP  (50 minutiae)
  [953/2985] 39__M_Left_little  <-  39__M_Left_little_1.BMP  (50 minutiae)
  [954/2985] 39__M_Left_little  <-  39__M_Left_little_2.BMP  (50 minutiae)
  [955/2985] 39__M_Left_little  <-  39__M_Left_little_3.BMP  (50 minutiae)
  [956/2985] 39__M_Left_middle  <-  39__M_Left_middle_1.BMP  (50 minutiae)
  [957/2985] 39__M_Left_middle  <-  39__M_Left_middle_2.BMP  (50 minutiae)
  [958/2985] 39__M_Left_middle  <-  39__M_Left_middle_3.BMP  (50 minutiae)
  [959/2985] 39__M_Left_ring  <-  39__M_Left_ring_1.BMP  (50 minutiae)
  [960/2985] 39__M_Left_ring  <-  39__M_Left_ring_2.BMP  (50 minutiae)
  [961/2985] 39__M_Left_ring  <-  39__M_Left_ring_3.BMP  (50 minutiae)
  [962/2985] 39__M_Left_thumb  <-  39__M_Left_thumb_1.BMP  (50 minutiae)
  [963/2985] 39__M_Left_thumb  <-  39__M_Left_thumb_2.BMP  (50 minutiae)
  [964/2985] 39__M_Left_thumb  <-  39__M_Left_thumb_3.BMP  (50 minutiae)
  [965/2985] 39__M_Right_index  <-  39__M_Right_index_1.BMP  (50 minutiae)
  [966/2985] 39__M_Right_index  <-  39__M_Right_index_2.BMP  (50 minutiae)
  [967/2985] 39__M_Right_index  <-  39__M_Right_index_3.BMP  (50 minutiae)
  [968/2985] 39__M_Right_little  <-  39__M_Right_little_1.BMP  (50 minutiae)
  [969/2985] 39__M_Right_little  <-  39__M_Right_little_2.BMP  (50 minutiae)
  [970/2985] 39__M_Right_little  <-  39__M_Right_little_3.BMP  (50 minutiae)
  [971/2985] 39__M_Right_middle  <-  39__M_Right_middle_1.BMP  (50 minutiae)
  [972/2985] 39__M_Right_middle  <-  39__M_Right_middle_2.BMP  (50 minutiae)
  [973/2985] 39__M_Right_middle  <-  39__M_Right_middle_3.BMP  (50 minutiae)
  [974/2985] 39__M_Right_ring  <-  39__M_Right_ring_1.BMP  (50 minutiae)
  [975/2985] 39__M_Right_ring  <-  39__M_Right_ring_2.BMP  (50 minutiae)
  [976/2985] 39__M_Right_ring  <-  39__M_Right_ring_3.BMP  (50 minutiae)
  [977/2985] 39__M_Right_thumb  <-  39__M_Right_thumb_1.BMP  (50 minutiae)
  [978/2985] 39__M_Right_thumb  <-  39__M_Right_thumb_2.BMP  (50 minutiae)
  [979/2985] 39__M_Right_thumb  <-  39__M_Right_thumb_3.BMP  (50 minutiae)
  [980/2985] 3__M_Left_index  <-  3__M_Left_index_1.BMP  (50 minutiae)
  [981/2985] 3__M_Left_index  <-  3__M_Left_index_2.BMP  (50 minutiae)
  [982/2985] 3__M_Left_index  <-  3__M_Left_index_3.BMP  (50 minutiae)
  [983/2985] 3__M_Left_little  <-  3__M_Left_little_1.BMP  (50 minutiae)
  [984/2985] 3__M_Left_little  <-  3__M_Left_little_2.BMP  (50 minutiae)
  [985/2985] 3__M_Left_little  <-  3__M_Left_little_3.BMP  (50 minutiae)
  [986/2985] 3__M_Left_middle  <-  3__M_Left_middle_1.BMP  (50 minutiae)
  [987/2985] 3__M_Left_middle  <-  3__M_Left_middle_2.BMP  (50 minutiae)
  [988/2985] 3__M_Left_middle  <-  3__M_Left_middle_3.BMP  (50 minutiae)
  [989/2985] 3__M_Left_ring  <-  3__M_Left_ring_1.BMP  (50 minutiae)
  [990/2985] 3__M_Left_ring  <-  3__M_Left_ring_2.BMP  (50 minutiae)
  [991/2985] 3__M_Left_ring  <-  3__M_Left_ring_3.BMP  (50 minutiae)
  [992/2985] 3__M_Left_thumb  <-  3__M_Left_thumb_1.BMP  (50 minutiae)
  [993/2985] 3__M_Left_thumb  <-  3__M_Left_thumb_2.BMP  (50 minutiae)
  [994/2985] 3__M_Left_thumb  <-  3__M_Left_thumb_3.BMP  (50 minutiae)
  [995/2985] 3__M_Right_index  <-  3__M_Right_index_1.BMP  (50 minutiae)
  [996/2985] 3__M_Right_index  <-  3__M_Right_index_2.BMP  (50 minutiae)
  [997/2985] 3__M_Right_index  <-  3__M_Right_index_3.BMP  (50 minutiae)
  [998/2985] 3__M_Right_little  <-  3__M_Right_little_1.BMP  (50 minutiae)
  [999/2985] 3__M_Right_little  <-  3__M_Right_little_2.BMP  (50 minutiae)
  [1000/2985] 3__M_Right_little  <-  3__M_Right_little_3.BMP  (50 minutiae)
  [1001/2985] 3__M_Right_middle  <-  3__M_Right_middle_1.BMP  (50 minutiae)
  [1002/2985] 3__M_Right_middle  <-  3__M_Right_middle_2.BMP  (50 minutiae)
  [1003/2985] 3__M_Right_middle  <-  3__M_Right_middle_3.BMP  (50 minutiae)
  [1004/2985] 3__M_Right_ring  <-  3__M_Right_ring_1.BMP  (50 minutiae)
  [1005/2985] 3__M_Right_ring  <-  3__M_Right_ring_2.BMP  (50 minutiae)
  [1006/2985] 3__M_Right_ring  <-  3__M_Right_ring_3.BMP  (50 minutiae)
  [1007/2985] 3__M_Right_thumb  <-  3__M_Right_thumb_1.BMP  (50 minutiae)
  [1008/2985] 3__M_Right_thumb  <-  3__M_Right_thumb_2.BMP  (50 minutiae)
  [1009/2985] 3__M_Right_thumb  <-  3__M_Right_thumb_3.BMP  (50 minutiae)
  [1010/2985] 40__F_Left_index  <-  40__F_Left_index_1.BMP  (50 minutiae)
  [1011/2985] 40__F_Left_index  <-  40__F_Left_index_2.BMP  (50 minutiae)
  [1012/2985] 40__F_Left_index  <-  40__F_Left_index_3.BMP  (50 minutiae)
  [1013/2985] 40__F_Left_little  <-  40__F_Left_little_1.BMP  (50 minutiae)
  [1014/2985] 40__F_Left_little  <-  40__F_Left_little_2.BMP  (50 minutiae)
  [1015/2985] 40__F_Left_little  <-  40__F_Left_little_3.BMP  (50 minutiae)
  [1016/2985] 40__F_Left_middle  <-  40__F_Left_middle_1.BMP  (50 minutiae)
  [1017/2985] 40__F_Left_middle  <-  40__F_Left_middle_2.BMP  (50 minutiae)
  [1018/2985] 40__F_Left_middle  <-  40__F_Left_middle_3.BMP  (50 minutiae)
  [1019/2985] 40__F_Left_ring  <-  40__F_Left_ring_1.BMP  (50 minutiae)
  [1020/2985] 40__F_Left_ring  <-  40__F_Left_ring_2.BMP  (50 minutiae)
  [1021/2985] 40__F_Left_ring  <-  40__F_Left_ring_3.BMP  (50 minutiae)
  [1022/2985] 40__F_Left_thumb  <-  40__F_Left_thumb_1.BMP  (50 minutiae)
  [1023/2985] 40__F_Left_thumb  <-  40__F_Left_thumb_2.BMP  (50 minutiae)
  [1024/2985] 40__F_Left_thumb  <-  40__F_Left_thumb_3.BMP  (50 minutiae)
  [1025/2985] 40__F_Right_index  <-  40__F_Right_index_1.BMP  (50 minutiae)
  [1026/2985] 40__F_Right_index  <-  40__F_Right_index_2.BMP  (50 minutiae)
  [1027/2985] 40__F_Right_index  <-  40__F_Right_index_3.BMP  (50 minutiae)
  [1028/2985] 40__F_Right_little  <-  40__F_Right_little_1.BMP  (50 minutiae)
  [1029/2985] 40__F_Right_little  <-  40__F_Right_little_2.BMP  (50 minutiae)
  [1030/2985] 40__F_Right_little  <-  40__F_Right_little_3.BMP  (50 minutiae)
  [1031/2985] 40__F_Right_middle  <-  40__F_Right_middle_1.BMP  (50 minutiae)
  [1032/2985] 40__F_Right_middle  <-  40__F_Right_middle_2.BMP  (50 minutiae)
  [1033/2985] 40__F_Right_middle  <-  40__F_Right_middle_3.BMP  (50 minutiae)
  [1034/2985] 40__F_Right_ring  <-  40__F_Right_ring_1.BMP  (50 minutiae)
  [1035/2985] 40__F_Right_ring  <-  40__F_Right_ring_2.BMP  (50 minutiae)
  [1036/2985] 40__F_Right_ring  <-  40__F_Right_ring_3.BMP  (50 minutiae)
  [1037/2985] 40__F_Right_thumb  <-  40__F_Right_thumb_1.BMP  (50 minutiae)
  [1038/2985] 40__F_Right_thumb  <-  40__F_Right_thumb_2.BMP  (50 minutiae)
  [1039/2985] 40__F_Right_thumb  <-  40__F_Right_thumb_3.BMP  (50 minutiae)
  [1040/2985] 41__M_Left_index  <-  41__M_Left_index_1.BMP  (50 minutiae)
  [1041/2985] 41__M_Left_index  <-  41__M_Left_index_2.BMP  (50 minutiae)
  [1042/2985] 41__M_Left_index  <-  41__M_Left_index_3.BMP  (50 minutiae)
  [1043/2985] 41__M_Left_little  <-  41__M_Left_little_1.BMP  (50 minutiae)
  [1044/2985] 41__M_Left_little  <-  41__M_Left_little_2.BMP  (50 minutiae)
  [1045/2985] 41__M_Left_little  <-  41__M_Left_little_3.BMP  (50 minutiae)
  [1046/2985] 41__M_Left_middle  <-  41__M_Left_middle_1.BMP  (50 minutiae)
  [1047/2985] 41__M_Left_middle  <-  41__M_Left_middle_2.BMP  (50 minutiae)
  [1048/2985] 41__M_Left_middle  <-  41__M_Left_middle_3.BMP  (50 minutiae)
  [1049/2985] 41__M_Left_ring  <-  41__M_Left_ring_1.BMP  (50 minutiae)
  [1050/2985] 41__M_Left_ring  <-  41__M_Left_ring_2.BMP  (50 minutiae)
  [1051/2985] 41__M_Left_ring  <-  41__M_Left_ring_3.BMP  (50 minutiae)
  [1052/2985] 41__M_Left_thumb  <-  41__M_Left_thumb_1.BMP  (50 minutiae)
  [1053/2985] 41__M_Left_thumb  <-  41__M_Left_thumb_2.BMP  (50 minutiae)
  [1054/2985] 41__M_Left_thumb  <-  41__M_Left_thumb_3.BMP  (50 minutiae)
  [1055/2985] 41__M_Right_index  <-  41__M_Right_index_1.BMP  (50 minutiae)
  [1056/2985] 41__M_Right_index  <-  41__M_Right_index_2.BMP  (50 minutiae)
  [1057/2985] 41__M_Right_index  <-  41__M_Right_index_3.BMP  (50 minutiae)
  [1058/2985] 41__M_Right_little  <-  41__M_Right_little_1.BMP  (50 minutiae)
  [1059/2985] 41__M_Right_little  <-  41__M_Right_little_2.BMP  (50 minutiae)
  [1060/2985] 41__M_Right_little  <-  41__M_Right_little_3.BMP  (50 minutiae)
  [1061/2985] 41__M_Right_middle  <-  41__M_Right_middle_1.BMP  (50 minutiae)
  [1062/2985] 41__M_Right_middle  <-  41__M_Right_middle_2.BMP  (50 minutiae)
  [1063/2985] 41__M_Right_middle  <-  41__M_Right_middle_3.BMP  (50 minutiae)
  [1064/2985] 41__M_Right_ring  <-  41__M_Right_ring_1.BMP  (50 minutiae)
  [1065/2985] 41__M_Right_ring  <-  41__M_Right_ring_2.BMP  (50 minutiae)
  [1066/2985] 41__M_Right_ring  <-  41__M_Right_ring_3.BMP  (50 minutiae)
  [1067/2985] 41__M_Right_thumb  <-  41__M_Right_thumb_1.BMP  (50 minutiae)
  [1068/2985] 41__M_Right_thumb  <-  41__M_Right_thumb_2.BMP  (50 minutiae)
  [1069/2985] 41__M_Right_thumb  <-  41__M_Right_thumb_3.BMP  (50 minutiae)
  [1070/2985] 42__F_Left_index  <-  42__F_Left_index_1.BMP  (50 minutiae)
  [1071/2985] 42__F_Left_index  <-  42__F_Left_index_2.BMP  (50 minutiae)
  [1072/2985] 42__F_Left_index  <-  42__F_Left_index_3.BMP  (50 minutiae)
  [1073/2985] 42__F_Left_little  <-  42__F_Left_little_1.BMP  (50 minutiae)
  [1074/2985] 42__F_Left_little  <-  42__F_Left_little_2.BMP  (50 minutiae)
  [1075/2985] 42__F_Left_little  <-  42__F_Left_little_3.BMP  (50 minutiae)
  [1076/2985] 42__F_Left_middle  <-  42__F_Left_middle_1.BMP  (50 minutiae)
  [1077/2985] 42__F_Left_middle  <-  42__F_Left_middle_2.BMP  (50 minutiae)
  [1078/2985] 42__F_Left_middle  <-  42__F_Left_middle_3.BMP  (50 minutiae)
  [1079/2985] 42__F_Left_ring  <-  42__F_Left_ring_1.BMP  (50 minutiae)
  [1080/2985] 42__F_Left_ring  <-  42__F_Left_ring_2.BMP  (50 minutiae)
  [1081/2985] 42__F_Left_ring  <-  42__F_Left_ring_3.BMP  (50 minutiae)
  [1082/2985] 42__F_Left_thumb  <-  42__F_Left_thumb_1.BMP  (50 minutiae)
  [1083/2985] 42__F_Left_thumb  <-  42__F_Left_thumb_2.BMP  (50 minutiae)
  [1084/2985] 42__F_Left_thumb  <-  42__F_Left_thumb_3.BMP  (50 minutiae)
  [1085/2985] 42__F_Right_index  <-  42__F_Right_index_1.BMP  (50 minutiae)
  [1086/2985] 42__F_Right_index  <-  42__F_Right_index_2.BMP  (50 minutiae)
  [1087/2985] 42__F_Right_index  <-  42__F_Right_index_3.BMP  (50 minutiae)
  [1088/2985] 42__F_Right_little  <-  42__F_Right_little_1.BMP  (50 minutiae)
  [1089/2985] 42__F_Right_little  <-  42__F_Right_little_2.BMP  (50 minutiae)
  [1090/2985] 42__F_Right_little  <-  42__F_Right_little_3.BMP  (50 minutiae)
  [1091/2985] 42__F_Right_middle  <-  42__F_Right_middle_1.BMP  (50 minutiae)
  [1092/2985] 42__F_Right_middle  <-  42__F_Right_middle_2.BMP  (50 minutiae)
  [1093/2985] 42__F_Right_middle  <-  42__F_Right_middle_3.BMP  (50 minutiae)
  [1094/2985] 42__F_Right_ring  <-  42__F_Right_ring_1.BMP  (50 minutiae)
  [1095/2985] 42__F_Right_ring  <-  42__F_Right_ring_2.BMP  (50 minutiae)
  [1096/2985] 42__F_Right_ring  <-  42__F_Right_ring_3.BMP  (50 minutiae)
  [1097/2985] 42__F_Right_thumb  <-  42__F_Right_thumb_1.BMP  (50 minutiae)
  [1098/2985] 42__F_Right_thumb  <-  42__F_Right_thumb_2.BMP  (50 minutiae)
  [1099/2985] 42__F_Right_thumb  <-  42__F_Right_thumb_3.BMP  (50 minutiae)
  [1100/2985] 43__F_Left_index  <-  43__F_Left_index_1.BMP  (50 minutiae)
  [1101/2985] 43__F_Left_index  <-  43__F_Left_index_2.BMP  (50 minutiae)
  [1102/2985] 43__F_Left_index  <-  43__F_Left_index_3.BMP  (50 minutiae)
  [1103/2985] 43__F_Left_little  <-  43__F_Left_little_1.BMP  (50 minutiae)
  [1104/2985] 43__F_Left_little  <-  43__F_Left_little_2.BMP  (50 minutiae)
  [1105/2985] 43__F_Left_little  <-  43__F_Left_little_3.BMP  (50 minutiae)
  [1106/2985] 43__F_Left_middle  <-  43__F_Left_middle_1.BMP  (50 minutiae)
  [1107/2985] 43__F_Left_middle  <-  43__F_Left_middle_2.BMP  (50 minutiae)
  [1108/2985] 43__F_Left_ring  <-  43__F_Left_ring_1.BMP  (50 minutiae)
  [1109/2985] 43__F_Left_ring  <-  43__F_Left_ring_2.BMP  (50 minutiae)
  [1110/2985] 43__F_Left_ring  <-  43__F_Left_ring_3.BMP  (50 minutiae)
  [1111/2985] 43__F_Left_thumb  <-  43__F_Left_thumb_1.BMP  (50 minutiae)
  [1112/2985] 43__F_Left_thumb  <-  43__F_Left_thumb_2.BMP  (50 minutiae)
  [1113/2985] 43__F_Left_thumb  <-  43__F_Left_thumb_3.BMP  (50 minutiae)
  [1114/2985] 43__F_Right_index  <-  43__F_Right_index_1.BMP  (50 minutiae)
  [1115/2985] 43__F_Right_index  <-  43__F_Right_index_2.BMP  (50 minutiae)
  [1116/2985] 43__F_Right_index  <-  43__F_Right_index_3.BMP  (50 minutiae)
  [1117/2985] 43__F_Right_little  <-  43__F_Right_little_1.BMP  (50 minutiae)
  [1118/2985] 43__F_Right_little  <-  43__F_Right_little_2.BMP  (50 minutiae)
  [1119/2985] 43__F_Right_little  <-  43__F_Right_little_3.BMP  (50 minutiae)
  [1120/2985] 43__F_Right_middle  <-  43__F_Right_middle_1.BMP  (50 minutiae)
  [1121/2985] 43__F_Right_middle  <-  43__F_Right_middle_2.BMP  (50 minutiae)
  [1122/2985] 43__F_Right_middle  <-  43__F_Right_middle_3.BMP  (50 minutiae)
  [1123/2985] 43__F_Right_ring  <-  43__F_Right_ring_1.BMP  (50 minutiae)
  [1124/2985] 43__F_Right_ring  <-  43__F_Right_ring_2.BMP  (50 minutiae)
  [1125/2985] 43__F_Right_ring  <-  43__F_Right_ring_3.BMP  (50 minutiae)
  [1126/2985] 43__F_Right_thumb  <-  43__F_Right_thumb_1.BMP  (50 minutiae)
  [1127/2985] 43__F_Right_thumb  <-  43__F_Right_thumb_2.BMP  (50 minutiae)
  [1128/2985] 43__F_Right_thumb  <-  43__F_Right_thumb_3.BMP  (50 minutiae)
  [1129/2985] 44__M_Left_index  <-  44__M_Left_index_1.BMP  (50 minutiae)
  [1130/2985] 44__M_Left_index  <-  44__M_Left_index_2.BMP  (50 minutiae)
  [1131/2985] 44__M_Left_index  <-  44__M_Left_index_3.BMP  (50 minutiae)
  [1132/2985] 44__M_Left_little  <-  44__M_Left_little_1.BMP  (50 minutiae)
  [1133/2985] 44__M_Left_little  <-  44__M_Left_little_2.BMP  (50 minutiae)
  [1134/2985] 44__M_Left_little  <-  44__M_Left_little_3.BMP  (50 minutiae)
  [1135/2985] 44__M_Left_middle  <-  44__M_Left_middle_1.BMP  (50 minutiae)
  [1136/2985] 44__M_Left_middle  <-  44__M_Left_middle_2.BMP  (50 minutiae)
  [1137/2985] 44__M_Left_middle  <-  44__M_Left_middle_3.BMP  (50 minutiae)
  [1138/2985] 44__M_Left_ring  <-  44__M_Left_ring_1.BMP  (50 minutiae)
  [1139/2985] 44__M_Left_ring  <-  44__M_Left_ring_2.BMP  (50 minutiae)
  [1140/2985] 44__M_Left_ring  <-  44__M_Left_ring_3.BMP  (50 minutiae)
  [1141/2985] 44__M_Left_thumb  <-  44__M_Left_thumb_1.BMP  (50 minutiae)
  [1142/2985] 44__M_Left_thumb  <-  44__M_Left_thumb_2.BMP  (50 minutiae)
  [1143/2985] 44__M_Left_thumb  <-  44__M_Left_thumb_3.BMP  (50 minutiae)
  [1144/2985] 44__M_Right_index  <-  44__M_Right_index_1.BMP  (50 minutiae)
  [1145/2985] 44__M_Right_index  <-  44__M_Right_index_2.BMP  (50 minutiae)
  [1146/2985] 44__M_Right_index  <-  44__M_Right_index_3.BMP  (50 minutiae)
  [1147/2985] 44__M_Right_little  <-  44__M_Right_little_1.BMP  (50 minutiae)
  [1148/2985] 44__M_Right_little  <-  44__M_Right_little_2.BMP  (50 minutiae)
  [1149/2985] 44__M_Right_little  <-  44__M_Right_little_3.BMP  (50 minutiae)
  [1150/2985] 44__M_Right_middle  <-  44__M_Right_middle_1.BMP  (50 minutiae)
  [1151/2985] 44__M_Right_middle  <-  44__M_Right_middle_2.BMP  (50 minutiae)
  [1152/2985] 44__M_Right_middle  <-  44__M_Right_middle_3.BMP  (50 minutiae)
  [1153/2985] 44__M_Right_ring  <-  44__M_Right_ring_1.BMP  (50 minutiae)
  [1154/2985] 44__M_Right_ring  <-  44__M_Right_ring_2.BMP  (50 minutiae)
  [1155/2985] 44__M_Right_ring  <-  44__M_Right_ring_3.BMP  (50 minutiae)
  [1156/2985] 44__M_Right_thumb  <-  44__M_Right_thumb_1.BMP  (50 minutiae)
  [1157/2985] 44__M_Right_thumb  <-  44__M_Right_thumb_2.BMP  (50 minutiae)
  [1158/2985] 44__M_Right_thumb  <-  44__M_Right_thumb_3.BMP  (50 minutiae)
  [1159/2985] 45__M_Left_index  <-  45__M_Left_index_1.BMP  (50 minutiae)
  [1160/2985] 45__M_Left_index  <-  45__M_Left_index_2.BMP  (50 minutiae)
  [1161/2985] 45__M_Left_index  <-  45__M_Left_index_3.BMP  (50 minutiae)
  [1162/2985] 45__M_Left_little  <-  45__M_Left_little_1.BMP  (50 minutiae)
  [1163/2985] 45__M_Left_little  <-  45__M_Left_little_2.BMP  (50 minutiae)
  [1164/2985] 45__M_Left_little  <-  45__M_Left_little_3.BMP  (50 minutiae)
  [1165/2985] 45__M_Left_middle  <-  45__M_Left_middle_1.BMP  (50 minutiae)
  [1166/2985] 45__M_Left_middle  <-  45__M_Left_middle_2.BMP  (50 minutiae)
  [1167/2985] 45__M_Left_middle  <-  45__M_Left_middle_3.BMP  (50 minutiae)
  [1168/2985] 45__M_Left_ring  <-  45__M_Left_ring_1.BMP  (50 minutiae)
  [1169/2985] 45__M_Left_ring  <-  45__M_Left_ring_2.BMP  (50 minutiae)
  [1170/2985] 45__M_Left_ring  <-  45__M_Left_ring_3.BMP  (50 minutiae)
  [1171/2985] 45__M_Left_thumb  <-  45__M_Left_thumb_1.BMP  (50 minutiae)
  [1172/2985] 45__M_Left_thumb  <-  45__M_Left_thumb_2.BMP  (50 minutiae)
  [1173/2985] 45__M_Left_thumb  <-  45__M_Left_thumb_3.BMP  (50 minutiae)
  [1174/2985] 45__M_Right_index  <-  45__M_Right_index_1.BMP  (50 minutiae)
  [1175/2985] 45__M_Right_index  <-  45__M_Right_index_2.BMP  (50 minutiae)
  [1176/2985] 45__M_Right_index  <-  45__M_Right_index_3.BMP  (50 minutiae)
  [1177/2985] 45__M_Right_little  <-  45__M_Right_little_1.BMP  (50 minutiae)
  [1178/2985] 45__M_Right_little  <-  45__M_Right_little_2.BMP  (50 minutiae)
  [1179/2985] 45__M_Right_little  <-  45__M_Right_little_3.BMP  (50 minutiae)
  [1180/2985] 45__M_Right_middle  <-  45__M_Right_middle_1.BMP  (50 minutiae)
  [1181/2985] 45__M_Right_middle  <-  45__M_Right_middle_2.BMP  (50 minutiae)
  [1182/2985] 45__M_Right_middle  <-  45__M_Right_middle_3.BMP  (50 minutiae)
  [1183/2985] 45__M_Right_ring  <-  45__M_Right_ring_1.BMP  (50 minutiae)
  [1184/2985] 45__M_Right_ring  <-  45__M_Right_ring_2.BMP  (50 minutiae)
  [1185/2985] 45__M_Right_ring  <-  45__M_Right_ring_3.BMP  (50 minutiae)
  [1186/2985] 45__M_Right_thumb  <-  45__M_Right_thumb_1.BMP  (50 minutiae)
  [1187/2985] 45__M_Right_thumb  <-  45__M_Right_thumb_2.BMP  (50 minutiae)
  [1188/2985] 45__M_Right_thumb  <-  45__M_Right_thumb_3.BMP  (50 minutiae)
  [1189/2985] 46__M_Left_index  <-  46__M_Left_index_1.BMP  (50 minutiae)
  [1190/2985] 46__M_Left_index  <-  46__M_Left_index_2.BMP  (50 minutiae)
  [1191/2985] 46__M_Left_index  <-  46__M_Left_index_3.BMP  (50 minutiae)
  [1192/2985] 46__M_Left_little  <-  46__M_Left_little_1.BMP  (50 minutiae)
  [1193/2985] 46__M_Left_little  <-  46__M_Left_little_2.BMP  (50 minutiae)
  [1194/2985] 46__M_Left_little  <-  46__M_Left_little_3.BMP  (50 minutiae)
  [1195/2985] 46__M_Left_middle  <-  46__M_Left_middle_1.BMP  (50 minutiae)
  [1196/2985] 46__M_Left_middle  <-  46__M_Left_middle_2.BMP  (50 minutiae)
  [1197/2985] 46__M_Left_middle  <-  46__M_Left_middle_3.BMP  (50 minutiae)
  [1198/2985] 46__M_Left_ring  <-  46__M_Left_ring_1.BMP  (50 minutiae)
  [1199/2985] 46__M_Left_ring  <-  46__M_Left_ring_2.BMP  (50 minutiae)
  [1200/2985] 46__M_Left_ring  <-  46__M_Left_ring_3.BMP  (50 minutiae)
  [1201/2985] 46__M_Left_thumb  <-  46__M_Left_thumb_1.BMP  (50 minutiae)
  [1202/2985] 46__M_Left_thumb  <-  46__M_Left_thumb_2.BMP  (50 minutiae)
  [1203/2985] 46__M_Left_thumb  <-  46__M_Left_thumb_3.BMP  (50 minutiae)
  [1204/2985] 46__M_Right_index  <-  46__M_Right_index_1.BMP  (50 minutiae)
  [1205/2985] 46__M_Right_index  <-  46__M_Right_index_2.BMP  (50 minutiae)
  [1206/2985] 46__M_Right_index  <-  46__M_Right_index_3.BMP  (50 minutiae)
  [1207/2985] 46__M_Right_little  <-  46__M_Right_little_1.BMP  (50 minutiae)
  [1208/2985] 46__M_Right_little  <-  46__M_Right_little_2.BMP  (50 minutiae)
  [1209/2985] 46__M_Right_little  <-  46__M_Right_little_3.BMP  (50 minutiae)
  [1210/2985] 46__M_Right_middle  <-  46__M_Right_middle_1.BMP  (50 minutiae)
  [1211/2985] 46__M_Right_middle  <-  46__M_Right_middle_2.BMP  (50 minutiae)
  [1212/2985] 46__M_Right_middle  <-  46__M_Right_middle_3.BMP  (50 minutiae)
  [1213/2985] 46__M_Right_ring  <-  46__M_Right_ring_1.BMP  (50 minutiae)
  [1214/2985] 46__M_Right_ring  <-  46__M_Right_ring_2.BMP  (50 minutiae)
  [1215/2985] 46__M_Right_ring  <-  46__M_Right_ring_3.BMP  (50 minutiae)
  [1216/2985] 46__M_Right_thumb  <-  46__M_Right_thumb_1.BMP  (50 minutiae)
  [1217/2985] 46__M_Right_thumb  <-  46__M_Right_thumb_2.BMP  (50 minutiae)
  [1218/2985] 46__M_Right_thumb  <-  46__M_Right_thumb_3.BMP  (50 minutiae)
  [1219/2985] 47__F_Left_index  <-  47__F_Left_index_1.BMP  (50 minutiae)
  [1220/2985] 47__F_Left_index  <-  47__F_Left_index_2.BMP  (50 minutiae)
  [1221/2985] 47__F_Left_index  <-  47__F_Left_index_3.BMP  (50 minutiae)
  [1222/2985] 47__F_Left_little  <-  47__F_Left_little_1.BMP  (50 minutiae)
  [1223/2985] 47__F_Left_little  <-  47__F_Left_little_2.BMP  (50 minutiae)
  [1224/2985] 47__F_Left_little  <-  47__F_Left_little_3.BMP  (50 minutiae)
  [1225/2985] 47__F_Left_middle  <-  47__F_Left_middle_1.BMP  (50 minutiae)
  [1226/2985] 47__F_Left_middle  <-  47__F_Left_middle_2.BMP  (50 minutiae)
  [1227/2985] 47__F_Left_middle  <-  47__F_Left_middle_3.BMP  (50 minutiae)
  [1228/2985] 47__F_Left_ring  <-  47__F_Left_ring_1.BMP  (50 minutiae)
  [1229/2985] 47__F_Left_ring  <-  47__F_Left_ring_2.BMP  (50 minutiae)
  [1230/2985] 47__F_Left_ring  <-  47__F_Left_ring_3.BMP  (50 minutiae)
  [1231/2985] 47__F_Left_thumb  <-  47__F_Left_thumb_1.BMP  (50 minutiae)
  [1232/2985] 47__F_Left_thumb  <-  47__F_Left_thumb_2.BMP  (50 minutiae)
  [1233/2985] 47__F_Left_thumb  <-  47__F_Left_thumb_3.BMP  (50 minutiae)
  [1234/2985] 47__F_Right_index  <-  47__F_Right_index_1.BMP  (50 minutiae)
  [1235/2985] 47__F_Right_index  <-  47__F_Right_index_2.BMP  (50 minutiae)
  [1236/2985] 47__F_Right_index  <-  47__F_Right_index_3.BMP  (50 minutiae)
  [1237/2985] 47__F_Right_little  <-  47__F_Right_little_1.BMP  (50 minutiae)
  [1238/2985] 47__F_Right_little  <-  47__F_Right_little_2.BMP  (50 minutiae)
  [1239/2985] 47__F_Right_little  <-  47__F_Right_little_3.BMP  (50 minutiae)
  [1240/2985] 47__F_Right_middle  <-  47__F_Right_middle_1.BMP  (50 minutiae)
  [1241/2985] 47__F_Right_middle  <-  47__F_Right_middle_2.BMP  (50 minutiae)
  [1242/2985] 47__F_Right_middle  <-  47__F_Right_middle_3.BMP  (50 minutiae)
  [1243/2985] 47__F_Right_ring  <-  47__F_Right_ring_1.BMP  (50 minutiae)
  [1244/2985] 47__F_Right_ring  <-  47__F_Right_ring_2.BMP  (50 minutiae)
  [1245/2985] 47__F_Right_ring  <-  47__F_Right_ring_3.BMP  (50 minutiae)
  [1246/2985] 47__F_Right_thumb  <-  47__F_Right_thumb_1.BMP  (50 minutiae)
  [1247/2985] 47__F_Right_thumb  <-  47__F_Right_thumb_2.BMP  (50 minutiae)
  [1248/2985] 47__F_Right_thumb  <-  47__F_Right_thumb_3.BMP  (50 minutiae)
  [1249/2985] 48__F_Left_index  <-  48__F_Left_index_1.BMP  (50 minutiae)
  [1250/2985] 48__F_Left_index  <-  48__F_Left_index_2.BMP  (50 minutiae)
  [1251/2985] 48__F_Left_index  <-  48__F_Left_index_3.BMP  (50 minutiae)
  [1252/2985] 48__F_Left_little  <-  48__F_Left_little_1.BMP  (50 minutiae)
  [1253/2985] 48__F_Left_little  <-  48__F_Left_little_2.BMP  (50 minutiae)
  [1254/2985] 48__F_Left_little  <-  48__F_Left_little_3.BMP  (50 minutiae)
  [1255/2985] 48__F_Left_middle  <-  48__F_Left_middle_1.BMP  (50 minutiae)
  [1256/2985] 48__F_Left_middle  <-  48__F_Left_middle_2.BMP  (50 minutiae)
  [1257/2985] 48__F_Left_middle  <-  48__F_Left_middle_3.BMP  (50 minutiae)
  [1258/2985] 48__F_Left_ring  <-  48__F_Left_ring_1.BMP  (50 minutiae)
  [1259/2985] 48__F_Left_ring  <-  48__F_Left_ring_2.BMP  (50 minutiae)
  [1260/2985] 48__F_Left_ring  <-  48__F_Left_ring_3.BMP  (50 minutiae)
  [1261/2985] 48__F_Left_thumb  <-  48__F_Left_thumb_1.BMP  (50 minutiae)
  [1262/2985] 48__F_Left_thumb  <-  48__F_Left_thumb_2.BMP  (50 minutiae)
  [1263/2985] 48__F_Left_thumb  <-  48__F_Left_thumb_3.BMP  (50 minutiae)
  [1264/2985] 48__F_Right_index  <-  48__F_Right_index_1.BMP  (50 minutiae)
  [1265/2985] 48__F_Right_index  <-  48__F_Right_index_2.BMP  (50 minutiae)
  [1266/2985] 48__F_Right_index  <-  48__F_Right_index_3.BMP  (50 minutiae)
  [1267/2985] 48__F_Right_little  <-  48__F_Right_little_1.BMP  (50 minutiae)
  [1268/2985] 48__F_Right_little  <-  48__F_Right_little_2.BMP  (50 minutiae)
  [1269/2985] 48__F_Right_little  <-  48__F_Right_little_3.BMP  (50 minutiae)
  [1270/2985] 48__F_Right_middle  <-  48__F_Right_middle_1.BMP  (50 minutiae)
  [1271/2985] 48__F_Right_middle  <-  48__F_Right_middle_2.BMP  (50 minutiae)
  [1272/2985] 48__F_Right_middle  <-  48__F_Right_middle_3.BMP  (50 minutiae)
  [1273/2985] 48__F_Right_ring  <-  48__F_Right_ring_1.BMP  (50 minutiae)
  [1274/2985] 48__F_Right_ring  <-  48__F_Right_ring_2.BMP  (50 minutiae)
  [1275/2985] 48__F_Right_ring  <-  48__F_Right_ring_3.BMP  (50 minutiae)
  [1276/2985] 48__F_Right_thumb  <-  48__F_Right_thumb_1.BMP  (50 minutiae)
  [1277/2985] 48__F_Right_thumb  <-  48__F_Right_thumb_2.BMP  (50 minutiae)
  [1278/2985] 48__F_Right_thumb  <-  48__F_Right_thumb_3.BMP  (50 minutiae)
  [1279/2985] 49__M_Left_index  <-  49__M_Left_index_1.BMP  (50 minutiae)
  [1280/2985] 49__M_Left_index  <-  49__M_Left_index_2.BMP  (50 minutiae)
  [1281/2985] 49__M_Left_index  <-  49__M_Left_index_3.BMP  (50 minutiae)
  [1282/2985] 49__M_Left_little  <-  49__M_Left_little_1.BMP  (50 minutiae)
  [1283/2985] 49__M_Left_little  <-  49__M_Left_little_2.BMP  (50 minutiae)
  [1284/2985] 49__M_Left_little  <-  49__M_Left_little_3.BMP  (50 minutiae)
  [1285/2985] 49__M_Left_middle  <-  49__M_Left_middle_1.BMP  (50 minutiae)
  [1286/2985] 49__M_Left_middle  <-  49__M_Left_middle_2.BMP  (50 minutiae)
  [1287/2985] 49__M_Left_middle  <-  49__M_Left_middle_3.BMP  (50 minutiae)
  [1288/2985] 49__M_Left_ring  <-  49__M_Left_ring_1.BMP  (50 minutiae)
  [1289/2985] 49__M_Left_ring  <-  49__M_Left_ring_2.BMP  (50 minutiae)
  [1290/2985] 49__M_Left_ring  <-  49__M_Left_ring_3.BMP  (50 minutiae)
  [1291/2985] 49__M_Left_thumb  <-  49__M_Left_thumb_1.BMP  (50 minutiae)
  [1292/2985] 49__M_Left_thumb  <-  49__M_Left_thumb_2.BMP  (50 minutiae)
  [1293/2985] 49__M_Left_thumb  <-  49__M_Left_thumb_3.BMP  (50 minutiae)
  [1294/2985] 49__M_Right_index  <-  49__M_Right_index_1.BMP  (50 minutiae)
  [1295/2985] 49__M_Right_index  <-  49__M_Right_index_2.BMP  (50 minutiae)
  [1296/2985] 49__M_Right_index  <-  49__M_Right_index_3.BMP  (50 minutiae)
  [1297/2985] 49__M_Right_little  <-  49__M_Right_little_1.BMP  (50 minutiae)
  [1298/2985] 49__M_Right_little  <-  49__M_Right_little_2.BMP  (50 minutiae)
  [1299/2985] 49__M_Right_little  <-  49__M_Right_little_3.BMP  (50 minutiae)
  [1300/2985] 49__M_Right_middle  <-  49__M_Right_middle_1.BMP  (50 minutiae)
  [1301/2985] 49__M_Right_middle  <-  49__M_Right_middle_2.BMP  (50 minutiae)
  [1302/2985] 49__M_Right_middle  <-  49__M_Right_middle_3.BMP  (50 minutiae)
  [1303/2985] 49__M_Right_ring  <-  49__M_Right_ring_1.BMP  (50 minutiae)
  [1304/2985] 49__M_Right_ring  <-  49__M_Right_ring_2.BMP  (50 minutiae)
  [1305/2985] 49__M_Right_ring  <-  49__M_Right_ring_3.BMP  (50 minutiae)
  [1306/2985] 49__M_Right_thumb  <-  49__M_Right_thumb_1.BMP  (50 minutiae)
  [1307/2985] 49__M_Right_thumb  <-  49__M_Right_thumb_2.BMP  (50 minutiae)
  [1308/2985] 49__M_Right_thumb  <-  49__M_Right_thumb_3.BMP  (50 minutiae)
  [1309/2985] 4__M_Left_index  <-  4__M_Left_index_1.BMP  (50 minutiae)
  [1310/2985] 4__M_Left_index  <-  4__M_Left_index_2.BMP  (50 minutiae)
  [1311/2985] 4__M_Left_index  <-  4__M_Left_index_3.BMP  (50 minutiae)
  [1312/2985] 4__M_Left_little  <-  4__M_Left_little_1.BMP  (50 minutiae)
  [1313/2985] 4__M_Left_little  <-  4__M_Left_little_2.BMP  (50 minutiae)
  [1314/2985] 4__M_Left_little  <-  4__M_Left_little_3.BMP  (50 minutiae)
  [1315/2985] 4__M_Left_middle  <-  4__M_Left_middle_1.BMP  (50 minutiae)
  [1316/2985] 4__M_Left_middle  <-  4__M_Left_middle_2.BMP  (50 minutiae)
  [1317/2985] 4__M_Left_middle  <-  4__M_Left_middle_3.BMP  (50 minutiae)
  [1318/2985] 4__M_Left_ring  <-  4__M_Left_ring_1.BMP  (50 minutiae)
  [1319/2985] 4__M_Left_ring  <-  4__M_Left_ring_2.BMP  (50 minutiae)
  [1320/2985] 4__M_Left_ring  <-  4__M_Left_ring_3.BMP  (50 minutiae)
  [1321/2985] 4__M_Left_thumb  <-  4__M_Left_thumb_1.BMP  (50 minutiae)
  [1322/2985] 4__M_Left_thumb  <-  4__M_Left_thumb_2.BMP  (50 minutiae)
  [1323/2985] 4__M_Left_thumb  <-  4__M_Left_thumb_3.BMP  (50 minutiae)
  [1324/2985] 4__M_Right_index  <-  4__M_Right_index_1.BMP  (50 minutiae)
  [1325/2985] 4__M_Right_index  <-  4__M_Right_index_2.BMP  (50 minutiae)
  [1326/2985] 4__M_Right_index  <-  4__M_Right_index_3.BMP  (50 minutiae)
  [1327/2985] 4__M_Right_little  <-  4__M_Right_little_1.BMP  (50 minutiae)
  [1328/2985] 4__M_Right_little  <-  4__M_Right_little_2.BMP  (50 minutiae)
  [1329/2985] 4__M_Right_little  <-  4__M_Right_little_3.BMP  (50 minutiae)
  [1330/2985] 4__M_Right_middle  <-  4__M_Right_middle_1.BMP  (50 minutiae)
  [1331/2985] 4__M_Right_middle  <-  4__M_Right_middle_2.BMP  (50 minutiae)
  [1332/2985] 4__M_Right_middle  <-  4__M_Right_middle_3.BMP  (50 minutiae)
  [1333/2985] 4__M_Right_ring  <-  4__M_Right_ring_1.BMP  (50 minutiae)
  [1334/2985] 4__M_Right_ring  <-  4__M_Right_ring_2.BMP  (50 minutiae)
  [1335/2985] 4__M_Right_ring  <-  4__M_Right_ring_3.BMP  (50 minutiae)
  [1336/2985] 4__M_Right_thumb  <-  4__M_Right_thumb_1.BMP  (50 minutiae)
  [1337/2985] 4__M_Right_thumb  <-  4__M_Right_thumb_2.BMP  (50 minutiae)
  [1338/2985] 4__M_Right_thumb  <-  4__M_Right_thumb_3.BMP  (50 minutiae)
  [1339/2985] 50__M_Left_index  <-  50__M_Left_index_1.BMP  (50 minutiae)
  [1340/2985] 50__M_Left_index  <-  50__M_Left_index_2.BMP  (50 minutiae)
  [1341/2985] 50__M_Left_index  <-  50__M_Left_index_3.BMP  (50 minutiae)
  [1342/2985] 50__M_Left_little  <-  50__M_Left_little_1.BMP  (50 minutiae)
  [1343/2985] 50__M_Left_little  <-  50__M_Left_little_2.BMP  (50 minutiae)
  [1344/2985] 50__M_Left_little  <-  50__M_Left_little_3.BMP  (50 minutiae)
  [1345/2985] 50__M_Left_middle  <-  50__M_Left_middle_1.BMP  (50 minutiae)
  [1346/2985] 50__M_Left_middle  <-  50__M_Left_middle_2.BMP  (50 minutiae)
  [1347/2985] 50__M_Left_middle  <-  50__M_Left_middle_3.BMP  (50 minutiae)
  [1348/2985] 50__M_Left_ring  <-  50__M_Left_ring_1.BMP  (50 minutiae)
  [1349/2985] 50__M_Left_ring  <-  50__M_Left_ring_2.BMP  (50 minutiae)
  [1350/2985] 50__M_Left_ring  <-  50__M_Left_ring_3.BMP  (50 minutiae)
  [1351/2985] 50__M_Left_thumb  <-  50__M_Left_thumb_1.BMP  (50 minutiae)
  [1352/2985] 50__M_Left_thumb  <-  50__M_Left_thumb_2.BMP  (50 minutiae)
  [1353/2985] 50__M_Left_thumb  <-  50__M_Left_thumb_3.BMP  (50 minutiae)
  [1354/2985] 50__M_Right_index  <-  50__M_Right_index_1.BMP  (50 minutiae)
  [1355/2985] 50__M_Right_index  <-  50__M_Right_index_2.BMP  (50 minutiae)
  [1356/2985] 50__M_Right_index  <-  50__M_Right_index_3.BMP  (50 minutiae)
  [1357/2985] 50__M_Right_little  <-  50__M_Right_little_1.BMP  (50 minutiae)
  [1358/2985] 50__M_Right_little  <-  50__M_Right_little_2.BMP  (50 minutiae)
  [1359/2985] 50__M_Right_little  <-  50__M_Right_little_3.BMP  (50 minutiae)
  [1360/2985] 50__M_Right_middle  <-  50__M_Right_middle_1.BMP  (50 minutiae)
  [1361/2985] 50__M_Right_middle  <-  50__M_Right_middle_2.BMP  (50 minutiae)
  [1362/2985] 50__M_Right_ring  <-  50__M_Right_ring_1.BMP  (50 minutiae)
  [1363/2985] 50__M_Right_ring  <-  50__M_Right_ring_2.BMP  (50 minutiae)
  [1364/2985] 50__M_Right_ring  <-  50__M_Right_ring_3.BMP  (50 minutiae)
  [1365/2985] 50__M_Right_thumb  <-  50__M_Right_thumb_1.BMP  (50 minutiae)
  [1366/2985] 50__M_Right_thumb  <-  50__M_Right_thumb_2.BMP  (50 minutiae)
  [1367/2985] 50__M_Right_thumb  <-  50__M_Right_thumb_3.BMP  (50 minutiae)
  [1368/2985] 51__M_Left_index  <-  51__M_Left_index_1.BMP  (50 minutiae)
  [1369/2985] 51__M_Left_index  <-  51__M_Left_index_2.BMP  (50 minutiae)
  [1370/2985] 51__M_Left_index  <-  51__M_Left_index_3.BMP  (50 minutiae)
  [1371/2985] 51__M_Left_little  <-  51__M_Left_little_1.BMP  (50 minutiae)
  [1372/2985] 51__M_Left_little  <-  51__M_Left_little_2.BMP  (50 minutiae)
  [1373/2985] 51__M_Left_little  <-  51__M_Left_little_3.BMP  (50 minutiae)
  [1374/2985] 51__M_Left_middle  <-  51__M_Left_middle_1.BMP  (50 minutiae)
  [1375/2985] 51__M_Left_middle  <-  51__M_Left_middle_2.BMP  (50 minutiae)
  [1376/2985] 51__M_Left_middle  <-  51__M_Left_middle_3.BMP  (50 minutiae)
  [1377/2985] 51__M_Left_ring  <-  51__M_Left_ring_1.BMP  (50 minutiae)
  [1378/2985] 51__M_Left_ring  <-  51__M_Left_ring_2.BMP  (50 minutiae)
  [1379/2985] 51__M_Left_ring  <-  51__M_Left_ring_3.BMP  (50 minutiae)
  [1380/2985] 51__M_Left_thumb  <-  51__M_Left_thumb_1.BMP  (50 minutiae)
  [1381/2985] 51__M_Left_thumb  <-  51__M_Left_thumb_2.BMP  (50 minutiae)
  [1382/2985] 51__M_Left_thumb  <-  51__M_Left_thumb_3.BMP  (50 minutiae)
  [1383/2985] 51__M_Right_index  <-  51__M_Right_index_1.BMP  (50 minutiae)
  [1384/2985] 51__M_Right_index  <-  51__M_Right_index_2.BMP  (50 minutiae)
  [1385/2985] 51__M_Right_index  <-  51__M_Right_index_3.BMP  (50 minutiae)
  [1386/2985] 51__M_Right_little  <-  51__M_Right_little_1.BMP  (50 minutiae)
  [1387/2985] 51__M_Right_little  <-  51__M_Right_little_2.BMP  (50 minutiae)
  [1388/2985] 51__M_Right_little  <-  51__M_Right_little_3.BMP  (50 minutiae)
  [1389/2985] 51__M_Right_middle  <-  51__M_Right_middle_1.BMP  (50 minutiae)
  [1390/2985] 51__M_Right_middle  <-  51__M_Right_middle_2.BMP  (50 minutiae)
  [1391/2985] 51__M_Right_middle  <-  51__M_Right_middle_3.BMP  (50 minutiae)
  [1392/2985] 51__M_Right_ring  <-  51__M_Right_ring_1.BMP  (50 minutiae)
  [1393/2985] 51__M_Right_ring  <-  51__M_Right_ring_2.BMP  (50 minutiae)
  [1394/2985] 51__M_Right_ring  <-  51__M_Right_ring_3.BMP  (50 minutiae)
  [1395/2985] 51__M_Right_thumb  <-  51__M_Right_thumb_1.BMP  (50 minutiae)
  [1396/2985] 51__M_Right_thumb  <-  51__M_Right_thumb_2.BMP  (50 minutiae)
  [1397/2985] 51__M_Right_thumb  <-  51__M_Right_thumb_3.BMP  (50 minutiae)
  [1398/2985] 52__M_Left_index  <-  52__M_Left_index_1.BMP  (50 minutiae)
  [1399/2985] 52__M_Left_index  <-  52__M_Left_index_2.BMP  (50 minutiae)
  [1400/2985] 52__M_Left_index  <-  52__M_Left_index_3.BMP  (50 minutiae)
  [1401/2985] 52__M_Left_little  <-  52__M_Left_little_1.BMP  (50 minutiae)
  [1402/2985] 52__M_Left_little  <-  52__M_Left_little_2.BMP  (50 minutiae)
  [1403/2985] 52__M_Left_little  <-  52__M_Left_little_3.BMP  (50 minutiae)
  [1404/2985] 52__M_Left_middle  <-  52__M_Left_middle_1.BMP  (50 minutiae)
  [1405/2985] 52__M_Left_middle  <-  52__M_Left_middle_2.BMP  (50 minutiae)
  [1406/2985] 52__M_Left_middle  <-  52__M_Left_middle_3.BMP  (50 minutiae)
  [1407/2985] 52__M_Left_ring  <-  52__M_Left_ring_1.BMP  (50 minutiae)
  [1408/2985] 52__M_Left_ring  <-  52__M_Left_ring_2.BMP  (50 minutiae)
  [1409/2985] 52__M_Left_ring  <-  52__M_Left_ring_3.BMP  (50 minutiae)
  [1410/2985] 52__M_Left_thumb  <-  52__M_Left_thumb_1.BMP  (50 minutiae)
  [1411/2985] 52__M_Left_thumb  <-  52__M_Left_thumb_2.BMP  (50 minutiae)
  [1412/2985] 52__M_Left_thumb  <-  52__M_Left_thumb_3.BMP  (50 minutiae)
  [1413/2985] 52__M_Right_index  <-  52__M_Right_index_1.BMP  (50 minutiae)
  [1414/2985] 52__M_Right_index  <-  52__M_Right_index_2.BMP  (50 minutiae)
  [1415/2985] 52__M_Right_index  <-  52__M_Right_index_3.BMP  (50 minutiae)
  [1416/2985] 52__M_Right_little  <-  52__M_Right_little_1.BMP  (50 minutiae)
  [1417/2985] 52__M_Right_little  <-  52__M_Right_little_2.BMP  (50 minutiae)
  [1418/2985] 52__M_Right_little  <-  52__M_Right_little_3.BMP  (50 minutiae)
  [1419/2985] 52__M_Right_middle  <-  52__M_Right_middle_1.BMP  (50 minutiae)
  [1420/2985] 52__M_Right_middle  <-  52__M_Right_middle_2.BMP  (50 minutiae)
  [1421/2985] 52__M_Right_middle  <-  52__M_Right_middle_3.BMP  (50 minutiae)
  [1422/2985] 52__M_Right_ring  <-  52__M_Right_ring_1.BMP  (50 minutiae)
  [1423/2985] 52__M_Right_ring  <-  52__M_Right_ring_2.BMP  (50 minutiae)
  [1424/2985] 52__M_Right_ring  <-  52__M_Right_ring_3.BMP  (50 minutiae)
  [1425/2985] 52__M_Right_thumb  <-  52__M_Right_thumb_1.BMP  (50 minutiae)
  [1426/2985] 52__M_Right_thumb  <-  52__M_Right_thumb_2.BMP  (50 minutiae)
  [1427/2985] 52__M_Right_thumb  <-  52__M_Right_thumb_3.BMP  (50 minutiae)
  [1428/2985] 53__M_Left_index  <-  53__M_Left_index_1.BMP  (50 minutiae)
  [1429/2985] 53__M_Left_index  <-  53__M_Left_index_2.BMP  (50 minutiae)
  [1430/2985] 53__M_Left_index  <-  53__M_Left_index_3.BMP  (50 minutiae)
  [1431/2985] 53__M_Left_little  <-  53__M_Left_little_1.BMP  (50 minutiae)
  [1432/2985] 53__M_Left_little  <-  53__M_Left_little_2.BMP  (50 minutiae)
  [1433/2985] 53__M_Left_little  <-  53__M_Left_little_3.BMP  (50 minutiae)
  [1434/2985] 53__M_Left_middle  <-  53__M_Left_middle_1.BMP  (50 minutiae)
  [1435/2985] 53__M_Left_middle  <-  53__M_Left_middle_2.BMP  (50 minutiae)
  [1436/2985] 53__M_Left_middle  <-  53__M_Left_middle_3.BMP  (50 minutiae)
  [1437/2985] 53__M_Left_ring  <-  53__M_Left_ring_1.BMP  (50 minutiae)
  [1438/2985] 53__M_Left_ring  <-  53__M_Left_ring_2.BMP  (50 minutiae)
  [1439/2985] 53__M_Left_ring  <-  53__M_Left_ring_3.BMP  (50 minutiae)
  [1440/2985] 53__M_Left_thumb  <-  53__M_Left_thumb_1.BMP  (50 minutiae)
  [1441/2985] 53__M_Left_thumb  <-  53__M_Left_thumb_2.BMP  (50 minutiae)
  [1442/2985] 53__M_Left_thumb  <-  53__M_Left_thumb_3.BMP  (50 minutiae)
  [1443/2985] 53__M_Right_index  <-  53__M_Right_index_1.BMP  (50 minutiae)
  [1444/2985] 53__M_Right_index  <-  53__M_Right_index_2.BMP  (50 minutiae)
  [1445/2985] 53__M_Right_index  <-  53__M_Right_index_3.BMP  (50 minutiae)
  [1446/2985] 53__M_Right_little  <-  53__M_Right_little_1.BMP  (50 minutiae)
  [1447/2985] 53__M_Right_little  <-  53__M_Right_little_2.BMP  (50 minutiae)
  [1448/2985] 53__M_Right_little  <-  53__M_Right_little_3.BMP  (50 minutiae)
  [1449/2985] 53__M_Right_middle  <-  53__M_Right_middle_1.BMP  (50 minutiae)
  [1450/2985] 53__M_Right_middle  <-  53__M_Right_middle_2.BMP  (50 minutiae)
  [1451/2985] 53__M_Right_middle  <-  53__M_Right_middle_3.BMP  (50 minutiae)
  [1452/2985] 53__M_Right_ring  <-  53__M_Right_ring_1.BMP  (50 minutiae)
  [1453/2985] 53__M_Right_ring  <-  53__M_Right_ring_2.BMP  (50 minutiae)
  [1454/2985] 53__M_Right_ring  <-  53__M_Right_ring_3.BMP  (50 minutiae)
  [1455/2985] 53__M_Right_thumb  <-  53__M_Right_thumb_1.BMP  (50 minutiae)
  [1456/2985] 53__M_Right_thumb  <-  53__M_Right_thumb_2.BMP  (50 minutiae)
  [1457/2985] 53__M_Right_thumb  <-  53__M_Right_thumb_3.BMP  (50 minutiae)
  [1458/2985] 54__M_Left_index  <-  54__M_Left_index_1.BMP  (50 minutiae)
  [1459/2985] 54__M_Left_index  <-  54__M_Left_index_2.BMP  (50 minutiae)
  [1460/2985] 54__M_Left_index  <-  54__M_Left_index_3.BMP  (50 minutiae)
  [1461/2985] 54__M_Left_little  <-  54__M_Left_little_1.BMP  (50 minutiae)
  [1462/2985] 54__M_Left_little  <-  54__M_Left_little_2.BMP  (50 minutiae)
  [1463/2985] 54__M_Left_little  <-  54__M_Left_little_3.BMP  (50 minutiae)
  [1464/2985] 54__M_Left_middle  <-  54__M_Left_middle_1.BMP  (50 minutiae)
  [1465/2985] 54__M_Left_middle  <-  54__M_Left_middle_2.BMP  (50 minutiae)
  [1466/2985] 54__M_Left_middle  <-  54__M_Left_middle_3.BMP  (50 minutiae)
  [1467/2985] 54__M_Left_ring  <-  54__M_Left_ring_1.BMP  (50 minutiae)
  [1468/2985] 54__M_Left_ring  <-  54__M_Left_ring_2.BMP  (50 minutiae)
  [1469/2985] 54__M_Left_ring  <-  54__M_Left_ring_3.BMP  (50 minutiae)
  [1470/2985] 54__M_Left_thumb  <-  54__M_Left_thumb_1.BMP  (50 minutiae)
  [1471/2985] 54__M_Left_thumb  <-  54__M_Left_thumb_2.BMP  (50 minutiae)
  [1472/2985] 54__M_Left_thumb  <-  54__M_Left_thumb_3.BMP  (50 minutiae)
  [1473/2985] 54__M_Right_index  <-  54__M_Right_index_1.BMP  (50 minutiae)
  [1474/2985] 54__M_Right_index  <-  54__M_Right_index_2.BMP  (50 minutiae)
  [1475/2985] 54__M_Right_index  <-  54__M_Right_index_3.BMP  (50 minutiae)
  [1476/2985] 54__M_Right_little  <-  54__M_Right_little_1.BMP  (50 minutiae)
  [1477/2985] 54__M_Right_little  <-  54__M_Right_little_2.BMP  (50 minutiae)
  [1478/2985] 54__M_Right_little  <-  54__M_Right_little_3.BMP  (50 minutiae)
  [1479/2985] 54__M_Right_middle  <-  54__M_Right_middle_1.BMP  (50 minutiae)
  [1480/2985] 54__M_Right_middle  <-  54__M_Right_middle_2.BMP  (50 minutiae)
  [1481/2985] 54__M_Right_middle  <-  54__M_Right_middle_3.BMP  (50 minutiae)
  [1482/2985] 54__M_Right_ring  <-  54__M_Right_ring_1.BMP  (50 minutiae)
  [1483/2985] 54__M_Right_ring  <-  54__M_Right_ring_2.BMP  (50 minutiae)
  [1484/2985] 54__M_Right_ring  <-  54__M_Right_ring_3.BMP  (50 minutiae)
  [1485/2985] 54__M_Right_thumb  <-  54__M_Right_thumb_1.BMP  (50 minutiae)
  [1486/2985] 54__M_Right_thumb  <-  54__M_Right_thumb_2.BMP  (50 minutiae)
  [1487/2985] 54__M_Right_thumb  <-  54__M_Right_thumb_3.BMP  (50 minutiae)
  [1488/2985] 55__M_Left_index  <-  55__M_Left_index_1.BMP  (50 minutiae)
  [1489/2985] 55__M_Left_index  <-  55__M_Left_index_2.BMP  (50 minutiae)
  [1490/2985] 55__M_Left_index  <-  55__M_Left_index_3.BMP  (50 minutiae)
  [1491/2985] 55__M_Left_little  <-  55__M_Left_little_1.BMP  (50 minutiae)
  [1492/2985] 55__M_Left_little  <-  55__M_Left_little_2.BMP  (50 minutiae)
  [1493/2985] 55__M_Left_little  <-  55__M_Left_little_3.BMP  (50 minutiae)
  [1494/2985] 55__M_Left_middle  <-  55__M_Left_middle_1.BMP  (50 minutiae)
  [1495/2985] 55__M_Left_middle  <-  55__M_Left_middle_2.BMP  (50 minutiae)
  [1496/2985] 55__M_Left_middle  <-  55__M_Left_middle_3.BMP  (50 minutiae)
  [1497/2985] 55__M_Left_ring  <-  55__M_Left_ring_1.BMP  (50 minutiae)
  [1498/2985] 55__M_Left_ring  <-  55__M_Left_ring_2.BMP  (50 minutiae)
  [1499/2985] 55__M_Left_ring  <-  55__M_Left_ring_3.BMP  (50 minutiae)
  [1500/2985] 55__M_Left_thumb  <-  55__M_Left_thumb_1.BMP  (50 minutiae)
  [1501/2985] 55__M_Left_thumb  <-  55__M_Left_thumb_2.BMP  (50 minutiae)
  [1502/2985] 55__M_Left_thumb  <-  55__M_Left_thumb_3.BMP  (50 minutiae)
  [1503/2985] 55__M_Right_index  <-  55__M_Right_index_1.BMP  (50 minutiae)
  [1504/2985] 55__M_Right_index  <-  55__M_Right_index_2.BMP  (50 minutiae)
  [1505/2985] 55__M_Right_index  <-  55__M_Right_index_3.BMP  (50 minutiae)
  [1506/2985] 55__M_Right_little  <-  55__M_Right_little_1.BMP  (50 minutiae)
  [1507/2985] 55__M_Right_little  <-  55__M_Right_little_2.BMP  (50 minutiae)
  [1508/2985] 55__M_Right_little  <-  55__M_Right_little_3.BMP  (50 minutiae)
  [1509/2985] 55__M_Right_middle  <-  55__M_Right_middle_1.BMP  (50 minutiae)
  [1510/2985] 55__M_Right_middle  <-  55__M_Right_middle_2.BMP  (50 minutiae)
  [1511/2985] 55__M_Right_middle  <-  55__M_Right_middle_3.BMP  (50 minutiae)
  [1512/2985] 55__M_Right_ring  <-  55__M_Right_ring_1.BMP  (50 minutiae)
  [1513/2985] 55__M_Right_ring  <-  55__M_Right_ring_2.BMP  (50 minutiae)
  [1514/2985] 55__M_Right_ring  <-  55__M_Right_ring_3.BMP  (50 minutiae)
  [1515/2985] 55__M_Right_thumb  <-  55__M_Right_thumb_1.BMP  (50 minutiae)
  [1516/2985] 55__M_Right_thumb  <-  55__M_Right_thumb_2.BMP  (50 minutiae)
  [1517/2985] 55__M_Right_thumb  <-  55__M_Right_thumb_3.BMP  (50 minutiae)
  [1518/2985] 56__F_Left_index  <-  56__F_Left_index_1.BMP  (50 minutiae)
  [1519/2985] 56__F_Left_index  <-  56__F_Left_index_2.BMP  (50 minutiae)
  [1520/2985] 56__F_Left_index  <-  56__F_Left_index_3.BMP  (50 minutiae)
  [1521/2985] 56__F_Left_little  <-  56__F_Left_little_1.BMP  (50 minutiae)
  [1522/2985] 56__F_Left_little  <-  56__F_Left_little_2.BMP  (50 minutiae)
  [1523/2985] 56__F_Left_little  <-  56__F_Left_little_3.BMP  (50 minutiae)
  [1524/2985] 56__F_Left_middle  <-  56__F_Left_middle_1.BMP  (50 minutiae)
  [1525/2985] 56__F_Left_middle  <-  56__F_Left_middle_2.BMP  (50 minutiae)
  [1526/2985] 56__F_Left_middle  <-  56__F_Left_middle_3.BMP  (50 minutiae)
  [1527/2985] 56__F_Left_ring  <-  56__F_Left_ring_1.BMP  (50 minutiae)
  [1528/2985] 56__F_Left_ring  <-  56__F_Left_ring_2.BMP  (50 minutiae)
  [1529/2985] 56__F_Left_ring  <-  56__F_Left_ring_3.BMP  (50 minutiae)
  [1530/2985] 56__F_Left_thumb  <-  56__F_Left_thumb_1.BMP  (50 minutiae)
  [1531/2985] 56__F_Left_thumb  <-  56__F_Left_thumb_2.BMP  (50 minutiae)
  [1532/2985] 56__F_Left_thumb  <-  56__F_Left_thumb_3.BMP  (50 minutiae)
  [1533/2985] 56__F_Right_index  <-  56__F_Right_index_1.BMP  (50 minutiae)
  [1534/2985] 56__F_Right_index  <-  56__F_Right_index_2.BMP  (50 minutiae)
  [1535/2985] 56__F_Right_index  <-  56__F_Right_index_3.BMP  (50 minutiae)
  [1536/2985] 56__F_Right_little  <-  56__F_Right_little_1.BMP  (50 minutiae)
  [1537/2985] 56__F_Right_little  <-  56__F_Right_little_2.BMP  (50 minutiae)
  [1538/2985] 56__F_Right_little  <-  56__F_Right_little_3.BMP  (50 minutiae)
  [1539/2985] 56__F_Right_middle  <-  56__F_Right_middle_1.BMP  (50 minutiae)
  [1540/2985] 56__F_Right_middle  <-  56__F_Right_middle_2.BMP  (50 minutiae)
  [1541/2985] 56__F_Right_middle  <-  56__F_Right_middle_3.BMP  (50 minutiae)
  [1542/2985] 56__F_Right_ring  <-  56__F_Right_ring_1.BMP  (50 minutiae)
  [1543/2985] 56__F_Right_ring  <-  56__F_Right_ring_2.BMP  (50 minutiae)
  [1544/2985] 56__F_Right_ring  <-  56__F_Right_ring_3.BMP  (50 minutiae)
  [1545/2985] 56__F_Right_thumb  <-  56__F_Right_thumb_1.BMP  (50 minutiae)
  [1546/2985] 56__F_Right_thumb  <-  56__F_Right_thumb_2.BMP  (50 minutiae)
  [1547/2985] 56__F_Right_thumb  <-  56__F_Right_thumb_3.BMP  (50 minutiae)
  [1548/2985] 57__M_Left_index  <-  57__M_Left_index_1.BMP  (50 minutiae)
  [1549/2985] 57__M_Left_index  <-  57__M_Left_index_2.BMP  (50 minutiae)
  [1550/2985] 57__M_Left_index  <-  57__M_Left_index_3.BMP  (50 minutiae)
  [1551/2985] 57__M_Left_little  <-  57__M_Left_little_1.BMP  (50 minutiae)
  [1552/2985] 57__M_Left_little  <-  57__M_Left_little_2.BMP  (50 minutiae)
  [1553/2985] 57__M_Left_little  <-  57__M_Left_little_3.BMP  (50 minutiae)
  [1554/2985] 57__M_Left_middle  <-  57__M_Left_middle_1.BMP  (50 minutiae)
  [1555/2985] 57__M_Left_middle  <-  57__M_Left_middle_2.BMP  (50 minutiae)
  [1556/2985] 57__M_Left_middle  <-  57__M_Left_middle_3.BMP  (50 minutiae)
  [1557/2985] 57__M_Left_ring  <-  57__M_Left_ring_1.BMP  (50 minutiae)
  [1558/2985] 57__M_Left_ring  <-  57__M_Left_ring_2.BMP  (50 minutiae)
  [1559/2985] 57__M_Left_ring  <-  57__M_Left_ring_3.BMP  (50 minutiae)
  [1560/2985] 57__M_Left_thumb  <-  57__M_Left_thumb_1.BMP  (50 minutiae)
  [1561/2985] 57__M_Left_thumb  <-  57__M_Left_thumb_2.BMP  (50 minutiae)
  [1562/2985] 57__M_Left_thumb  <-  57__M_Left_thumb_3.BMP  (50 minutiae)
  [1563/2985] 57__M_Right_index  <-  57__M_Right_index_1.BMP  (50 minutiae)
  [1564/2985] 57__M_Right_index  <-  57__M_Right_index_2.BMP  (50 minutiae)
  [1565/2985] 57__M_Right_index  <-  57__M_Right_index_3.BMP  (50 minutiae)
  [1566/2985] 57__M_Right_little  <-  57__M_Right_little_1.BMP  (50 minutiae)
  [1567/2985] 57__M_Right_little  <-  57__M_Right_little_2.BMP  (50 minutiae)
  [1568/2985] 57__M_Right_little  <-  57__M_Right_little_3.BMP  (50 minutiae)
  [1569/2985] 57__M_Right_middle  <-  57__M_Right_middle_1.BMP  (50 minutiae)
  [1570/2985] 57__M_Right_middle  <-  57__M_Right_middle_2.BMP  (50 minutiae)
  [1571/2985] 57__M_Right_middle  <-  57__M_Right_middle_3.BMP  (50 minutiae)
  [1572/2985] 57__M_Right_ring  <-  57__M_Right_ring_1.BMP  (50 minutiae)
  [1573/2985] 57__M_Right_ring  <-  57__M_Right_ring_2.BMP  (50 minutiae)
  [1574/2985] 57__M_Right_ring  <-  57__M_Right_ring_3.BMP  (50 minutiae)
  [1575/2985] 57__M_Right_thumb  <-  57__M_Right_thumb_1.BMP  (50 minutiae)
  [1576/2985] 57__M_Right_thumb  <-  57__M_Right_thumb_2.BMP  (50 minutiae)
  [1577/2985] 57__M_Right_thumb  <-  57__M_Right_thumb_3.BMP  (50 minutiae)
  [1578/2985] 58__M_Left_index  <-  58__M_Left_index_1.BMP  (50 minutiae)
  [1579/2985] 58__M_Left_index  <-  58__M_Left_index_2.BMP  (50 minutiae)
  [1580/2985] 58__M_Left_index  <-  58__M_Left_index_3.BMP  (50 minutiae)
  [1581/2985] 58__M_Left_little  <-  58__M_Left_little_1.BMP  (50 minutiae)
  [1582/2985] 58__M_Left_little  <-  58__M_Left_little_2.BMP  (50 minutiae)
  [1583/2985] 58__M_Left_little  <-  58__M_Left_little_3.BMP  (50 minutiae)
  [1584/2985] 58__M_Left_middle  <-  58__M_Left_middle_1.BMP  (50 minutiae)
  [1585/2985] 58__M_Left_middle  <-  58__M_Left_middle_2.BMP  (50 minutiae)
  [1586/2985] 58__M_Left_middle  <-  58__M_Left_middle_3.BMP  (50 minutiae)
  [1587/2985] 58__M_Left_ring  <-  58__M_Left_ring_1.BMP  (50 minutiae)
  [1588/2985] 58__M_Left_ring  <-  58__M_Left_ring_2.BMP  (50 minutiae)
  [1589/2985] 58__M_Left_ring  <-  58__M_Left_ring_3.BMP  (50 minutiae)
  [1590/2985] 58__M_Left_thumb  <-  58__M_Left_thumb_1.BMP  (50 minutiae)
  [1591/2985] 58__M_Left_thumb  <-  58__M_Left_thumb_2.BMP  (50 minutiae)
  [1592/2985] 58__M_Left_thumb  <-  58__M_Left_thumb_3.BMP  (50 minutiae)
  [1593/2985] 58__M_Right_index  <-  58__M_Right_index_1.BMP  (50 minutiae)
  [1594/2985] 58__M_Right_index  <-  58__M_Right_index_2.BMP  (50 minutiae)
  [1595/2985] 58__M_Right_index  <-  58__M_Right_index_3.BMP  (50 minutiae)
  [1596/2985] 58__M_Right_little  <-  58__M_Right_little_1.BMP  (50 minutiae)
  [1597/2985] 58__M_Right_little  <-  58__M_Right_little_2.BMP  (50 minutiae)
  [1598/2985] 58__M_Right_little  <-  58__M_Right_little_3.BMP  (50 minutiae)
  [1599/2985] 58__M_Right_middle  <-  58__M_Right_middle_1.BMP  (50 minutiae)
  [1600/2985] 58__M_Right_middle  <-  58__M_Right_middle_2.BMP  (50 minutiae)
  [1601/2985] 58__M_Right_middle  <-  58__M_Right_middle_3.BMP  (50 minutiae)
  [1602/2985] 58__M_Right_ring  <-  58__M_Right_ring_1.BMP  (50 minutiae)
  [1603/2985] 58__M_Right_ring  <-  58__M_Right_ring_2.BMP  (50 minutiae)
  [1604/2985] 58__M_Right_ring  <-  58__M_Right_ring_3.BMP  (50 minutiae)
  [1605/2985] 58__M_Right_thumb  <-  58__M_Right_thumb_1.BMP  (50 minutiae)
  [1606/2985] 58__M_Right_thumb  <-  58__M_Right_thumb_2.BMP  (50 minutiae)
  [1607/2985] 58__M_Right_thumb  <-  58__M_Right_thumb_3.BMP  (50 minutiae)
  [1608/2985] 59__F_Left_index  <-  59__F_Left_index_1.BMP  (50 minutiae)
  [1609/2985] 59__F_Left_index  <-  59__F_Left_index_2.BMP  (50 minutiae)
  [1610/2985] 59__F_Left_index  <-  59__F_Left_index_3.BMP  (50 minutiae)
  [1611/2985] 59__F_Left_little  <-  59__F_Left_little_1.BMP  (50 minutiae)
  [1612/2985] 59__F_Left_little  <-  59__F_Left_little_2.BMP  (50 minutiae)
  [1613/2985] 59__F_Left_little  <-  59__F_Left_little_3.BMP  (50 minutiae)
  [1614/2985] 59__F_Left_middle  <-  59__F_Left_middle_1.BMP  (50 minutiae)
  [1615/2985] 59__F_Left_middle  <-  59__F_Left_middle_2.BMP  (50 minutiae)
  [1616/2985] 59__F_Left_middle  <-  59__F_Left_middle_3.BMP  (50 minutiae)
  [1617/2985] 59__F_Left_ring  <-  59__F_Left_ring_1.BMP  (50 minutiae)
  [1618/2985] 59__F_Left_ring  <-  59__F_Left_ring_2.BMP  (50 minutiae)
  [1619/2985] 59__F_Left_ring  <-  59__F_Left_ring_3.BMP  (50 minutiae)
  [1620/2985] 59__F_Left_thumb  <-  59__F_Left_thumb_1.BMP  (50 minutiae)
  [1621/2985] 59__F_Left_thumb  <-  59__F_Left_thumb_2.BMP  (50 minutiae)
  [1622/2985] 59__F_Left_thumb  <-  59__F_Left_thumb_3.BMP  (50 minutiae)
  [1623/2985] 59__F_Right_index  <-  59__F_Right_index_1.BMP  (50 minutiae)
  [1624/2985] 59__F_Right_index  <-  59__F_Right_index_2.BMP  (50 minutiae)
  [1625/2985] 59__F_Right_index  <-  59__F_Right_index_3.BMP  (50 minutiae)
  [1626/2985] 59__F_Right_little  <-  59__F_Right_little_1.BMP  (50 minutiae)
  [1627/2985] 59__F_Right_little  <-  59__F_Right_little_2.BMP  (50 minutiae)
  [1628/2985] 59__F_Right_little  <-  59__F_Right_little_3.BMP  (50 minutiae)
  [1629/2985] 59__F_Right_middle  <-  59__F_Right_middle_1.BMP  (50 minutiae)
  [1630/2985] 59__F_Right_middle  <-  59__F_Right_middle_2.BMP  (50 minutiae)
  [1631/2985] 59__F_Right_middle  <-  59__F_Right_middle_3.BMP  (50 minutiae)
  [1632/2985] 59__F_Right_ring  <-  59__F_Right_ring_1.BMP  (50 minutiae)
  [1633/2985] 59__F_Right_ring  <-  59__F_Right_ring_2.BMP  (50 minutiae)
  [1634/2985] 59__F_Right_ring  <-  59__F_Right_ring_3.BMP  (50 minutiae)
  [1635/2985] 59__F_Right_thumb  <-  59__F_Right_thumb_1.BMP  (50 minutiae)
  [1636/2985] 59__F_Right_thumb  <-  59__F_Right_thumb_2.BMP  (50 minutiae)
  [1637/2985] 59__F_Right_thumb  <-  59__F_Right_thumb_3.BMP  (50 minutiae)
  [1638/2985] 5__M_Left_index  <-  5__M_Left_index_1.BMP  (50 minutiae)
  [1639/2985] 5__M_Left_index  <-  5__M_Left_index_2.BMP  (50 minutiae)
  [1640/2985] 5__M_Left_index  <-  5__M_Left_index_3.BMP  (50 minutiae)
  [1641/2985] 5__M_Left_little  <-  5__M_Left_little_1.BMP  (50 minutiae)
  [1642/2985] 5__M_Left_little  <-  5__M_Left_little_2.BMP  (50 minutiae)
  [1643/2985] 5__M_Left_little  <-  5__M_Left_little_3.BMP  (50 minutiae)
  [1644/2985] 5__M_Left_middle  <-  5__M_Left_middle_1.BMP  (50 minutiae)
  [1645/2985] 5__M_Left_middle  <-  5__M_Left_middle_2.BMP  (50 minutiae)
  [1646/2985] 5__M_Left_middle  <-  5__M_Left_middle_3.BMP  (50 minutiae)
  [1647/2985] 5__M_Left_ring  <-  5__M_Left_ring_1.BMP  (50 minutiae)
  [1648/2985] 5__M_Left_ring  <-  5__M_Left_ring_2.BMP  (50 minutiae)
  [1649/2985] 5__M_Left_ring  <-  5__M_Left_ring_3.BMP  (50 minutiae)
  [1650/2985] 5__M_Left_thumb  <-  5__M_Left_thumb_1.BMP  (50 minutiae)
  [1651/2985] 5__M_Left_thumb  <-  5__M_Left_thumb_2.BMP  (50 minutiae)
  [1652/2985] 5__M_Left_thumb  <-  5__M_Left_thumb_3.BMP  (50 minutiae)
  [1653/2985] 5__M_Right_index  <-  5__M_Right_index_1.BMP  (50 minutiae)
  [1654/2985] 5__M_Right_index  <-  5__M_Right_index_2.BMP  (50 minutiae)
  [1655/2985] 5__M_Right_index  <-  5__M_Right_index_3.BMP  (50 minutiae)
  [1656/2985] 5__M_Right_little  <-  5__M_Right_little_1.BMP  (50 minutiae)
  [1657/2985] 5__M_Right_little  <-  5__M_Right_little_2.BMP  (50 minutiae)
  [1658/2985] 5__M_Right_little  <-  5__M_Right_little_3.BMP  (50 minutiae)
  [1659/2985] 5__M_Right_middle  <-  5__M_Right_middle_1.BMP  (50 minutiae)
  [1660/2985] 5__M_Right_middle  <-  5__M_Right_middle_2.BMP  (50 minutiae)
  [1661/2985] 5__M_Right_middle  <-  5__M_Right_middle_3.BMP  (50 minutiae)
  [1662/2985] 5__M_Right_ring  <-  5__M_Right_ring_1.BMP  (50 minutiae)
  [1663/2985] 5__M_Right_ring  <-  5__M_Right_ring_2.BMP  (50 minutiae)
  [1664/2985] 5__M_Right_ring  <-  5__M_Right_ring_3.BMP  (50 minutiae)
  [1665/2985] 5__M_Right_thumb  <-  5__M_Right_thumb_1.BMP  (50 minutiae)
  [1666/2985] 5__M_Right_thumb  <-  5__M_Right_thumb_2.BMP  (50 minutiae)
  [1667/2985] 5__M_Right_thumb  <-  5__M_Right_thumb_3.BMP  (50 minutiae)
  [1668/2985] 60__M_Left_index  <-  60__M_Left_index_1.BMP  (50 minutiae)
  [1669/2985] 60__M_Left_index  <-  60__M_Left_index_2.BMP  (50 minutiae)
  [1670/2985] 60__M_Left_index  <-  60__M_Left_index_3.BMP  (50 minutiae)
  [1671/2985] 60__M_Left_little  <-  60__M_Left_little_1.BMP  (50 minutiae)
  [1672/2985] 60__M_Left_little  <-  60__M_Left_little_2.BMP  (50 minutiae)
  [1673/2985] 60__M_Left_little  <-  60__M_Left_little_3.BMP  (50 minutiae)
  [1674/2985] 60__M_Left_middle  <-  60__M_Left_middle_1.BMP  (50 minutiae)
  [1675/2985] 60__M_Left_middle  <-  60__M_Left_middle_2.BMP  (50 minutiae)
  [1676/2985] 60__M_Left_middle  <-  60__M_Left_middle_3.BMP  (50 minutiae)
  [1677/2985] 60__M_Left_ring  <-  60__M_Left_ring_1.BMP  (50 minutiae)
  [1678/2985] 60__M_Left_ring  <-  60__M_Left_ring_2.BMP  (50 minutiae)
  [1679/2985] 60__M_Left_ring  <-  60__M_Left_ring_3.BMP  (50 minutiae)
  [1680/2985] 60__M_Left_thumb  <-  60__M_Left_thumb_1.BMP  (50 minutiae)
  [1681/2985] 60__M_Left_thumb  <-  60__M_Left_thumb_2.BMP  (50 minutiae)
  [1682/2985] 60__M_Left_thumb  <-  60__M_Left_thumb_3.BMP  (50 minutiae)
  [1683/2985] 60__M_Right_index  <-  60__M_Right_index_1.BMP  (50 minutiae)
  [1684/2985] 60__M_Right_index  <-  60__M_Right_index_2.BMP  (50 minutiae)
  [1685/2985] 60__M_Right_index  <-  60__M_Right_index_3.BMP  (50 minutiae)
  [1686/2985] 60__M_Right_little  <-  60__M_Right_little_1.BMP  (50 minutiae)
  [1687/2985] 60__M_Right_little  <-  60__M_Right_little_2.BMP  (50 minutiae)
  [1688/2985] 60__M_Right_little  <-  60__M_Right_little_3.BMP  (50 minutiae)
  [1689/2985] 60__M_Right_middle  <-  60__M_Right_middle_1.BMP  (50 minutiae)
  [1690/2985] 60__M_Right_middle  <-  60__M_Right_middle_2.BMP  (50 minutiae)
  [1691/2985] 60__M_Right_middle  <-  60__M_Right_middle_3.BMP  (50 minutiae)
  [1692/2985] 60__M_Right_ring  <-  60__M_Right_ring_1.BMP  (50 minutiae)
  [1693/2985] 60__M_Right_ring  <-  60__M_Right_ring_2.BMP  (50 minutiae)
  [1694/2985] 60__M_Right_ring  <-  60__M_Right_ring_3.BMP  (50 minutiae)
  [1695/2985] 60__M_Right_thumb  <-  60__M_Right_thumb_1.BMP  (50 minutiae)
  [1696/2985] 60__M_Right_thumb  <-  60__M_Right_thumb_2.BMP  (50 minutiae)
  [1697/2985] 60__M_Right_thumb  <-  60__M_Right_thumb_3.BMP  (50 minutiae)
  [1698/2985] 61__M_Left_index  <-  61__M_Left_index_1.BMP  (50 minutiae)
  [1699/2985] 61__M_Left_index  <-  61__M_Left_index_2.BMP  (50 minutiae)
  [1700/2985] 61__M_Left_index  <-  61__M_Left_index_3.BMP  (50 minutiae)
  [1701/2985] 61__M_Left_little  <-  61__M_Left_little_1.BMP  (50 minutiae)
  [1702/2985] 61__M_Left_little  <-  61__M_Left_little_2.BMP  (50 minutiae)
  [1703/2985] 61__M_Left_little  <-  61__M_Left_little_3.BMP  (50 minutiae)
  [1704/2985] 61__M_Left_middle  <-  61__M_Left_middle_1.BMP  (50 minutiae)
  [1705/2985] 61__M_Left_middle  <-  61__M_Left_middle_2.BMP  (50 minutiae)
  [1706/2985] 61__M_Left_middle  <-  61__M_Left_middle_3.BMP  (50 minutiae)
  [1707/2985] 61__M_Left_ring  <-  61__M_Left_ring_1.BMP  (50 minutiae)
  [1708/2985] 61__M_Left_ring  <-  61__M_Left_ring_2.BMP  (50 minutiae)
  [1709/2985] 61__M_Left_ring  <-  61__M_Left_ring_3.BMP  (50 minutiae)
  [1710/2985] 61__M_Left_thumb  <-  61__M_Left_thumb_1.BMP  (50 minutiae)
  [1711/2985] 61__M_Left_thumb  <-  61__M_Left_thumb_2.BMP  (50 minutiae)
  [1712/2985] 61__M_Left_thumb  <-  61__M_Left_thumb_3.BMP  (50 minutiae)
  [1713/2985] 61__M_Right_index  <-  61__M_Right_index_1.BMP  (50 minutiae)
  [1714/2985] 61__M_Right_index  <-  61__M_Right_index_2.BMP  (50 minutiae)
  [1715/2985] 61__M_Right_index  <-  61__M_Right_index_3.BMP  (50 minutiae)
  [1716/2985] 61__M_Right_little  <-  61__M_Right_little_1.BMP  (50 minutiae)
  [1717/2985] 61__M_Right_little  <-  61__M_Right_little_2.BMP  (50 minutiae)
  [1718/2985] 61__M_Right_little  <-  61__M_Right_little_3.BMP  (50 minutiae)
  [1719/2985] 61__M_Right_middle  <-  61__M_Right_middle_1.BMP  (50 minutiae)
  [1720/2985] 61__M_Right_middle  <-  61__M_Right_middle_2.BMP  (50 minutiae)
  [1721/2985] 61__M_Right_middle  <-  61__M_Right_middle_3.BMP  (50 minutiae)
  [1722/2985] 61__M_Right_ring  <-  61__M_Right_ring_1.BMP  (50 minutiae)
  [1723/2985] 61__M_Right_ring  <-  61__M_Right_ring_2.BMP  (50 minutiae)
  [1724/2985] 61__M_Right_ring  <-  61__M_Right_ring_3.BMP  (50 minutiae)
  [1725/2985] 61__M_Right_thumb  <-  61__M_Right_thumb_1.BMP  (50 minutiae)
  [1726/2985] 61__M_Right_thumb  <-  61__M_Right_thumb_2.BMP  (50 minutiae)
  [1727/2985] 61__M_Right_thumb  <-  61__M_Right_thumb_3.BMP  (50 minutiae)
  [1728/2985] 62__M_Left_index  <-  62__M_Left_index_1.BMP  (50 minutiae)
  [1729/2985] 62__M_Left_index  <-  62__M_Left_index_2.BMP  (50 minutiae)
  [1730/2985] 62__M_Left_index  <-  62__M_Left_index_3.BMP  (50 minutiae)
  [1731/2985] 62__M_Left_little  <-  62__M_Left_little_1.BMP  (50 minutiae)
  [1732/2985] 62__M_Left_little  <-  62__M_Left_little_2.BMP  (50 minutiae)
  [1733/2985] 62__M_Left_little  <-  62__M_Left_little_3.BMP  (50 minutiae)
  [1734/2985] 62__M_Left_middle  <-  62__M_Left_middle_1.BMP  (50 minutiae)
  [1735/2985] 62__M_Left_middle  <-  62__M_Left_middle_2.BMP  (50 minutiae)
  [1736/2985] 62__M_Left_middle  <-  62__M_Left_middle_3.BMP  (50 minutiae)
  [1737/2985] 62__M_Left_ring  <-  62__M_Left_ring_1.BMP  (50 minutiae)
  [1738/2985] 62__M_Left_ring  <-  62__M_Left_ring_2.BMP  (50 minutiae)
  [1739/2985] 62__M_Left_ring  <-  62__M_Left_ring_3.BMP  (50 minutiae)
  [1740/2985] 62__M_Left_thumb  <-  62__M_Left_thumb_1.BMP  (50 minutiae)
  [1741/2985] 62__M_Left_thumb  <-  62__M_Left_thumb_2.BMP  (50 minutiae)
  [1742/2985] 62__M_Left_thumb  <-  62__M_Left_thumb_3.BMP  (50 minutiae)
  [1743/2985] 62__M_Right_index  <-  62__M_Right_index_1.BMP  (50 minutiae)
  [1744/2985] 62__M_Right_index  <-  62__M_Right_index_2.BMP  (50 minutiae)
  [1745/2985] 62__M_Right_index  <-  62__M_Right_index_3.BMP  (50 minutiae)
  [1746/2985] 62__M_Right_little  <-  62__M_Right_little_1.BMP  (50 minutiae)
  [1747/2985] 62__M_Right_little  <-  62__M_Right_little_2.BMP  (50 minutiae)
  [1748/2985] 62__M_Right_little  <-  62__M_Right_little_3.BMP  (50 minutiae)
  [1749/2985] 62__M_Right_middle  <-  62__M_Right_middle_1.BMP  (50 minutiae)
  [1750/2985] 62__M_Right_middle  <-  62__M_Right_middle_2.BMP  (50 minutiae)
  [1751/2985] 62__M_Right_middle  <-  62__M_Right_middle_3.BMP  (50 minutiae)
  [1752/2985] 62__M_Right_ring  <-  62__M_Right_ring_1.BMP  (50 minutiae)
  [1753/2985] 62__M_Right_ring  <-  62__M_Right_ring_2.BMP  (50 minutiae)
  [1754/2985] 62__M_Right_ring  <-  62__M_Right_ring_3.BMP  (50 minutiae)
  [1755/2985] 62__M_Right_thumb  <-  62__M_Right_thumb_1.BMP  (50 minutiae)
  [1756/2985] 62__M_Right_thumb  <-  62__M_Right_thumb_2.BMP  (50 minutiae)
  [1757/2985] 62__M_Right_thumb  <-  62__M_Right_thumb_3.BMP  (50 minutiae)
  [1758/2985] 63__M_Left_index  <-  63__M_Left_index_1.BMP  (50 minutiae)
  [1759/2985] 63__M_Left_index  <-  63__M_Left_index_2.BMP  (50 minutiae)
  [1760/2985] 63__M_Left_index  <-  63__M_Left_index_3.BMP  (50 minutiae)
  [1761/2985] 63__M_Left_little  <-  63__M_Left_little_1.BMP  (50 minutiae)
  [1762/2985] 63__M_Left_little  <-  63__M_Left_little_2.BMP  (50 minutiae)
  [1763/2985] 63__M_Left_little  <-  63__M_Left_little_3.BMP  (50 minutiae)
  [1764/2985] 63__M_Left_middle  <-  63__M_Left_middle_1.BMP  (50 minutiae)
  [1765/2985] 63__M_Left_middle  <-  63__M_Left_middle_2.BMP  (50 minutiae)
  [1766/2985] 63__M_Left_middle  <-  63__M_Left_middle_3.BMP  (50 minutiae)
  [1767/2985] 63__M_Left_ring  <-  63__M_Left_ring_1.BMP  (50 minutiae)
  [1768/2985] 63__M_Left_ring  <-  63__M_Left_ring_2.BMP  (50 minutiae)
  [1769/2985] 63__M_Left_ring  <-  63__M_Left_ring_3.BMP  (50 minutiae)
  [1770/2985] 63__M_Left_thumb  <-  63__M_Left_thumb_1.BMP  (50 minutiae)
  [1771/2985] 63__M_Left_thumb  <-  63__M_Left_thumb_2.BMP  (50 minutiae)
  [1772/2985] 63__M_Left_thumb  <-  63__M_Left_thumb_3.BMP  (50 minutiae)
  [1773/2985] 63__M_Right_index  <-  63__M_Right_index_1.BMP  (50 minutiae)
  [1774/2985] 63__M_Right_index  <-  63__M_Right_index_2.BMP  (50 minutiae)
  [1775/2985] 63__M_Right_index  <-  63__M_Right_index_3.BMP  (50 minutiae)
  [1776/2985] 63__M_Right_little  <-  63__M_Right_little_1.BMP  (50 minutiae)
  [1777/2985] 63__M_Right_little  <-  63__M_Right_little_2.BMP  (50 minutiae)
  [1778/2985] 63__M_Right_little  <-  63__M_Right_little_3.BMP  (50 minutiae)
  [1779/2985] 63__M_Right_middle  <-  63__M_Right_middle_1.BMP  (50 minutiae)
  [1780/2985] 63__M_Right_middle  <-  63__M_Right_middle_2.BMP  (50 minutiae)
  [1781/2985] 63__M_Right_middle  <-  63__M_Right_middle_3.BMP  (50 minutiae)
  [1782/2985] 63__M_Right_ring  <-  63__M_Right_ring_1.BMP  (50 minutiae)
  [1783/2985] 63__M_Right_ring  <-  63__M_Right_ring_2.BMP  (50 minutiae)
  [1784/2985] 63__M_Right_ring  <-  63__M_Right_ring_3.BMP  (50 minutiae)
  [1785/2985] 63__M_Right_thumb  <-  63__M_Right_thumb_1.BMP  (50 minutiae)
  [1786/2985] 63__M_Right_thumb  <-  63__M_Right_thumb_2.BMP  (50 minutiae)
  [1787/2985] 63__M_Right_thumb  <-  63__M_Right_thumb_3.BMP  (50 minutiae)
  [1788/2985] 64__M_Left_index  <-  64__M_Left_index_1.BMP  (50 minutiae)
  [1789/2985] 64__M_Left_index  <-  64__M_Left_index_2.BMP  (50 minutiae)
  [1790/2985] 64__M_Left_index  <-  64__M_Left_index_3.BMP  (50 minutiae)
  [1791/2985] 64__M_Left_little  <-  64__M_Left_little_1.BMP  (50 minutiae)
  [1792/2985] 64__M_Left_little  <-  64__M_Left_little_2.BMP  (50 minutiae)
  [1793/2985] 64__M_Left_little  <-  64__M_Left_little_3.BMP  (50 minutiae)
  [1794/2985] 64__M_Left_middle  <-  64__M_Left_middle_1.BMP  (50 minutiae)
  [1795/2985] 64__M_Left_middle  <-  64__M_Left_middle_2.BMP  (50 minutiae)
  [1796/2985] 64__M_Left_middle  <-  64__M_Left_middle_3.BMP  (50 minutiae)
  [1797/2985] 64__M_Left_ring  <-  64__M_Left_ring_1.BMP  (50 minutiae)
  [1798/2985] 64__M_Left_ring  <-  64__M_Left_ring_2.BMP  (50 minutiae)
  [1799/2985] 64__M_Left_ring  <-  64__M_Left_ring_3.BMP  (50 minutiae)
  [1800/2985] 64__M_Left_thumb  <-  64__M_Left_thumb_1.BMP  (50 minutiae)
  [1801/2985] 64__M_Left_thumb  <-  64__M_Left_thumb_2.BMP  (50 minutiae)
  [1802/2985] 64__M_Left_thumb  <-  64__M_Left_thumb_3.BMP  (50 minutiae)
  [1803/2985] 64__M_Right_index  <-  64__M_Right_index_1.BMP  (50 minutiae)
  [1804/2985] 64__M_Right_index  <-  64__M_Right_index_2.BMP  (50 minutiae)
  [1805/2985] 64__M_Right_index  <-  64__M_Right_index_3.BMP  (50 minutiae)
  [1806/2985] 64__M_Right_little  <-  64__M_Right_little_1.BMP  (50 minutiae)
  [1807/2985] 64__M_Right_little  <-  64__M_Right_little_2.BMP  (50 minutiae)
  [1808/2985] 64__M_Right_little  <-  64__M_Right_little_3.BMP  (50 minutiae)
  [1809/2985] 64__M_Right_middle  <-  64__M_Right_middle_1.BMP  (50 minutiae)
  [1810/2985] 64__M_Right_middle  <-  64__M_Right_middle_2.BMP  (50 minutiae)
  [1811/2985] 64__M_Right_middle  <-  64__M_Right_middle_3.BMP  (50 minutiae)
  [1812/2985] 64__M_Right_ring  <-  64__M_Right_ring_1.BMP  (50 minutiae)
  [1813/2985] 64__M_Right_ring  <-  64__M_Right_ring_2.BMP  (50 minutiae)
  [1814/2985] 64__M_Right_ring  <-  64__M_Right_ring_3.BMP  (50 minutiae)
  [1815/2985] 64__M_Right_thumb  <-  64__M_Right_thumb_1.BMP  (50 minutiae)
  [1816/2985] 64__M_Right_thumb  <-  64__M_Right_thumb_2.BMP  (50 minutiae)
  [1817/2985] 64__M_Right_thumb  <-  64__M_Right_thumb_3.BMP  (50 minutiae)
  [1818/2985] 65__M_Left_index  <-  65__M_Left_index_1.BMP  (50 minutiae)
  [1819/2985] 65__M_Left_index  <-  65__M_Left_index_2.BMP  (50 minutiae)
  [1820/2985] 65__M_Left_index  <-  65__M_Left_index_3.BMP  (50 minutiae)
  [1821/2985] 65__M_Left_little  <-  65__M_Left_little_1.BMP  (50 minutiae)
  [1822/2985] 65__M_Left_little  <-  65__M_Left_little_2.BMP  (50 minutiae)
  [1823/2985] 65__M_Left_little  <-  65__M_Left_little_3.BMP  (50 minutiae)
  [1824/2985] 65__M_Left_middle  <-  65__M_Left_middle_1.BMP  (50 minutiae)
  [1825/2985] 65__M_Left_middle  <-  65__M_Left_middle_2.BMP  (50 minutiae)
  [1826/2985] 65__M_Left_middle  <-  65__M_Left_middle_3.BMP  (50 minutiae)
  [1827/2985] 65__M_Left_ring  <-  65__M_Left_ring_1.BMP  (50 minutiae)
  [1828/2985] 65__M_Left_ring  <-  65__M_Left_ring_2.BMP  (50 minutiae)
  [1829/2985] 65__M_Left_ring  <-  65__M_Left_ring_3.BMP  (50 minutiae)
  [1830/2985] 65__M_Left_thumb  <-  65__M_Left_thumb_1.BMP  (50 minutiae)
  [1831/2985] 65__M_Left_thumb  <-  65__M_Left_thumb_2.BMP  (50 minutiae)
  [1832/2985] 65__M_Left_thumb  <-  65__M_Left_thumb_3.BMP  (50 minutiae)
  [1833/2985] 65__M_Right_index  <-  65__M_Right_index_1.BMP  (50 minutiae)
  [1834/2985] 65__M_Right_index  <-  65__M_Right_index_2.BMP  (50 minutiae)
  [1835/2985] 65__M_Right_index  <-  65__M_Right_index_3.BMP  (50 minutiae)
  [1836/2985] 65__M_Right_little  <-  65__M_Right_little_1.BMP  (50 minutiae)
  [1837/2985] 65__M_Right_little  <-  65__M_Right_little_2.BMP  (50 minutiae)
  [1838/2985] 65__M_Right_little  <-  65__M_Right_little_3.BMP  (50 minutiae)
  [1839/2985] 65__M_Right_middle  <-  65__M_Right_middle_1.BMP  (50 minutiae)
  [1840/2985] 65__M_Right_middle  <-  65__M_Right_middle_2.BMP  (50 minutiae)
  [1841/2985] 65__M_Right_middle  <-  65__M_Right_middle_3.BMP  (50 minutiae)
  [1842/2985] 65__M_Right_ring  <-  65__M_Right_ring_1.BMP  (50 minutiae)
  [1843/2985] 65__M_Right_ring  <-  65__M_Right_ring_2.BMP  (50 minutiae)
  [1844/2985] 65__M_Right_ring  <-  65__M_Right_ring_3.BMP  (50 minutiae)
  [1845/2985] 65__M_Right_thumb  <-  65__M_Right_thumb_1.BMP  (50 minutiae)
  [1846/2985] 65__M_Right_thumb  <-  65__M_Right_thumb_2.BMP  (50 minutiae)
  [1847/2985] 65__M_Right_thumb  <-  65__M_Right_thumb_3.BMP  (50 minutiae)
  [1848/2985] 66__F_Left_index  <-  66__F_Left_index_1.BMP  (50 minutiae)
  [1849/2985] 66__F_Left_index  <-  66__F_Left_index_2.BMP  (50 minutiae)
  [1850/2985] 66__F_Left_index  <-  66__F_Left_index_3.BMP  (50 minutiae)
  [1851/2985] 66__F_Left_little  <-  66__F_Left_little_1.BMP  (50 minutiae)
  [1852/2985] 66__F_Left_little  <-  66__F_Left_little_2.BMP  (50 minutiae)
  [1853/2985] 66__F_Left_little  <-  66__F_Left_little_3.BMP  (50 minutiae)
  [1854/2985] 66__F_Left_middle  <-  66__F_Left_middle_1.BMP  (50 minutiae)
  [1855/2985] 66__F_Left_middle  <-  66__F_Left_middle_2.BMP  (50 minutiae)
  [1856/2985] 66__F_Left_middle  <-  66__F_Left_middle_3.BMP  (50 minutiae)
  [1857/2985] 66__F_Left_ring  <-  66__F_Left_ring_1.BMP  (50 minutiae)
  [1858/2985] 66__F_Left_ring  <-  66__F_Left_ring_2.BMP  (50 minutiae)
  [1859/2985] 66__F_Left_ring  <-  66__F_Left_ring_3.BMP  (50 minutiae)
  [1860/2985] 66__F_Left_thumb  <-  66__F_Left_thumb_1.BMP  (50 minutiae)
  [1861/2985] 66__F_Left_thumb  <-  66__F_Left_thumb_2.BMP  (50 minutiae)
  [1862/2985] 66__F_Left_thumb  <-  66__F_Left_thumb_3.BMP  (50 minutiae)
  [1863/2985] 66__F_Right_index  <-  66__F_Right_index_1.BMP  (50 minutiae)
  [1864/2985] 66__F_Right_index  <-  66__F_Right_index_2.BMP  (50 minutiae)
  [1865/2985] 66__F_Right_index  <-  66__F_Right_index_3.BMP  (50 minutiae)
  [1866/2985] 66__F_Right_little  <-  66__F_Right_little_1.BMP  (50 minutiae)
  [1867/2985] 66__F_Right_little  <-  66__F_Right_little_2.BMP  (50 minutiae)
  [1868/2985] 66__F_Right_little  <-  66__F_Right_little_3.BMP  (50 minutiae)
  [1869/2985] 66__F_Right_middle  <-  66__F_Right_middle_1.BMP  (50 minutiae)
  [1870/2985] 66__F_Right_middle  <-  66__F_Right_middle_2.BMP  (50 minutiae)
  [1871/2985] 66__F_Right_middle  <-  66__F_Right_middle_3.BMP  (50 minutiae)
  [1872/2985] 66__F_Right_ring  <-  66__F_Right_ring_1.BMP  (50 minutiae)
  [1873/2985] 66__F_Right_ring  <-  66__F_Right_ring_2.BMP  (50 minutiae)
  [1874/2985] 66__F_Right_ring  <-  66__F_Right_ring_3.BMP  (50 minutiae)
  [1875/2985] 66__F_Right_thumb  <-  66__F_Right_thumb_1.BMP  (50 minutiae)
  [1876/2985] 66__F_Right_thumb  <-  66__F_Right_thumb_2.BMP  (50 minutiae)
  [1877/2985] 66__F_Right_thumb  <-  66__F_Right_thumb_3.BMP  (50 minutiae)
  [1878/2985] 67__F_Left_index  <-  67__F_Left_index_1.BMP  (50 minutiae)
  [1879/2985] 67__F_Left_index  <-  67__F_Left_index_2.BMP  (50 minutiae)
  [1880/2985] 67__F_Left_index  <-  67__F_Left_index_3.BMP  (50 minutiae)
  [1881/2985] 67__F_Left_little  <-  67__F_Left_little_1.BMP  (50 minutiae)
  [1882/2985] 67__F_Left_little  <-  67__F_Left_little_2.BMP  (50 minutiae)
  [1883/2985] 67__F_Left_little  <-  67__F_Left_little_3.BMP  (50 minutiae)
  [1884/2985] 67__F_Left_middle  <-  67__F_Left_middle_1.BMP  (50 minutiae)
  [1885/2985] 67__F_Left_middle  <-  67__F_Left_middle_2.BMP  (50 minutiae)
  [1886/2985] 67__F_Left_middle  <-  67__F_Left_middle_3.BMP  (50 minutiae)
  [1887/2985] 67__F_Left_ring  <-  67__F_Left_ring_1.BMP  (50 minutiae)
  [1888/2985] 67__F_Left_ring  <-  67__F_Left_ring_2.BMP  (50 minutiae)
  [1889/2985] 67__F_Left_ring  <-  67__F_Left_ring_3.BMP  (50 minutiae)
  [1890/2985] 67__F_Left_thumb  <-  67__F_Left_thumb_1.BMP  (50 minutiae)
  [1891/2985] 67__F_Left_thumb  <-  67__F_Left_thumb_2.BMP  (50 minutiae)
  [1892/2985] 67__F_Left_thumb  <-  67__F_Left_thumb_3.BMP  (50 minutiae)
  [1893/2985] 67__F_Right_index  <-  67__F_Right_index_1.BMP  (50 minutiae)
  [1894/2985] 67__F_Right_index  <-  67__F_Right_index_2.BMP  (50 minutiae)
  [1895/2985] 67__F_Right_index  <-  67__F_Right_index_3.BMP  (50 minutiae)
  [1896/2985] 67__F_Right_little  <-  67__F_Right_little_1.BMP  (50 minutiae)
  [1897/2985] 67__F_Right_little  <-  67__F_Right_little_2.BMP  (50 minutiae)
  [1898/2985] 67__F_Right_little  <-  67__F_Right_little_3.BMP  (50 minutiae)
  [1899/2985] 67__F_Right_middle  <-  67__F_Right_middle_1.BMP  (50 minutiae)
  [1900/2985] 67__F_Right_middle  <-  67__F_Right_middle_2.BMP  (50 minutiae)
  [1901/2985] 67__F_Right_middle  <-  67__F_Right_middle_3.BMP  (50 minutiae)
  [1902/2985] 67__F_Right_ring  <-  67__F_Right_ring_1.BMP  (50 minutiae)
  [1903/2985] 67__F_Right_ring  <-  67__F_Right_ring_2.BMP  (50 minutiae)
  [1904/2985] 67__F_Right_ring  <-  67__F_Right_ring_3.BMP  (50 minutiae)
  [1905/2985] 67__F_Right_thumb  <-  67__F_Right_thumb_1.BMP  (50 minutiae)
  [1906/2985] 67__F_Right_thumb  <-  67__F_Right_thumb_2.BMP  (50 minutiae)
  [1907/2985] 67__F_Right_thumb  <-  67__F_Right_thumb_3.BMP  (50 minutiae)
  [1908/2985] 68__M_Left_index  <-  68__M_Left_index_1.BMP  (50 minutiae)
  [1909/2985] 68__M_Left_index  <-  68__M_Left_index_2.BMP  (50 minutiae)
  [1910/2985] 68__M_Left_index  <-  68__M_Left_index_3.BMP  (50 minutiae)
  [1911/2985] 68__M_Left_little  <-  68__M_Left_little_1.BMP  (50 minutiae)
  [1912/2985] 68__M_Left_little  <-  68__M_Left_little_2.BMP  (50 minutiae)
  [1913/2985] 68__M_Left_little  <-  68__M_Left_little_3.BMP  (50 minutiae)
  [1914/2985] 68__M_Left_middle  <-  68__M_Left_middle_1.BMP  (50 minutiae)
  [1915/2985] 68__M_Left_middle  <-  68__M_Left_middle_2.BMP  (50 minutiae)
  [1916/2985] 68__M_Left_middle  <-  68__M_Left_middle_3.BMP  (50 minutiae)
  [1917/2985] 68__M_Left_ring  <-  68__M_Left_ring_1.BMP  (50 minutiae)
  [1918/2985] 68__M_Left_ring  <-  68__M_Left_ring_2.BMP  (50 minutiae)
  [1919/2985] 68__M_Left_ring  <-  68__M_Left_ring_3.BMP  (50 minutiae)
  [1920/2985] 68__M_Left_thumb  <-  68__M_Left_thumb_1.BMP  (50 minutiae)
  [1921/2985] 68__M_Left_thumb  <-  68__M_Left_thumb_2.BMP  (50 minutiae)
  [1922/2985] 68__M_Left_thumb  <-  68__M_Left_thumb_3.BMP  (50 minutiae)
  [1923/2985] 68__M_Right_index  <-  68__M_Right_index_1.BMP  (50 minutiae)
  [1924/2985] 68__M_Right_index  <-  68__M_Right_index_2.BMP  (50 minutiae)
  [1925/2985] 68__M_Right_index  <-  68__M_Right_index_3.BMP  (50 minutiae)
  [1926/2985] 68__M_Right_little  <-  68__M_Right_little_1.BMP  (50 minutiae)
  [1927/2985] 68__M_Right_little  <-  68__M_Right_little_2.BMP  (50 minutiae)
  [1928/2985] 68__M_Right_little  <-  68__M_Right_little_3.BMP  (50 minutiae)
  [1929/2985] 68__M_Right_middle  <-  68__M_Right_middle_1.BMP  (50 minutiae)
  [1930/2985] 68__M_Right_middle  <-  68__M_Right_middle_2.BMP  (50 minutiae)
  [1931/2985] 68__M_Right_middle  <-  68__M_Right_middle_3.BMP  (50 minutiae)
  [1932/2985] 68__M_Right_ring  <-  68__M_Right_ring_1.BMP  (50 minutiae)
  [1933/2985] 68__M_Right_ring  <-  68__M_Right_ring_2.BMP  (50 minutiae)
  [1934/2985] 68__M_Right_ring  <-  68__M_Right_ring_3.BMP  (50 minutiae)
  [1935/2985] 68__M_Right_thumb  <-  68__M_Right_thumb_1.BMP  (50 minutiae)
  [1936/2985] 68__M_Right_thumb  <-  68__M_Right_thumb_2.BMP  (50 minutiae)
  [1937/2985] 68__M_Right_thumb  <-  68__M_Right_thumb_3.BMP  (50 minutiae)
  [1938/2985] 69__M_Left_index  <-  69__M_Left_index_1.BMP  (50 minutiae)
  [1939/2985] 69__M_Left_index  <-  69__M_Left_index_2.BMP  (50 minutiae)
  [1940/2985] 69__M_Left_index  <-  69__M_Left_index_3.BMP  (50 minutiae)
  [1941/2985] 69__M_Left_little  <-  69__M_Left_little_1.BMP  (50 minutiae)
  [1942/2985] 69__M_Left_little  <-  69__M_Left_little_2.BMP  (50 minutiae)
  [1943/2985] 69__M_Left_little  <-  69__M_Left_little_3.BMP  (50 minutiae)
  [1944/2985] 69__M_Left_middle  <-  69__M_Left_middle_1.BMP  (50 minutiae)
  [1945/2985] 69__M_Left_middle  <-  69__M_Left_middle_2.BMP  (50 minutiae)
  [1946/2985] 69__M_Left_middle  <-  69__M_Left_middle_3.BMP  (50 minutiae)
  [1947/2985] 69__M_Left_ring  <-  69__M_Left_ring_1.BMP  (50 minutiae)
  [1948/2985] 69__M_Left_ring  <-  69__M_Left_ring_2.BMP  (50 minutiae)
  [1949/2985] 69__M_Left_ring  <-  69__M_Left_ring_3.BMP  (50 minutiae)
  [1950/2985] 69__M_Left_thumb  <-  69__M_Left_thumb_1.BMP  (50 minutiae)
  [1951/2985] 69__M_Left_thumb  <-  69__M_Left_thumb_2.BMP  (50 minutiae)
  [1952/2985] 69__M_Left_thumb  <-  69__M_Left_thumb_3.BMP  (50 minutiae)
  [1953/2985] 69__M_Right_index  <-  69__M_Right_index_1.BMP  (50 minutiae)
  [1954/2985] 69__M_Right_index  <-  69__M_Right_index_2.BMP  (50 minutiae)
  [1955/2985] 69__M_Right_index  <-  69__M_Right_index_3.BMP  (50 minutiae)
  [1956/2985] 69__M_Right_little  <-  69__M_Right_little_1.BMP  (50 minutiae)
  [1957/2985] 69__M_Right_little  <-  69__M_Right_little_2.BMP  (50 minutiae)
  [1958/2985] 69__M_Right_little  <-  69__M_Right_little_3.BMP  (50 minutiae)
  [1959/2985] 69__M_Right_middle  <-  69__M_Right_middle_1.BMP  (50 minutiae)
  [1960/2985] 69__M_Right_middle  <-  69__M_Right_middle_2.BMP  (50 minutiae)
  [1961/2985] 69__M_Right_middle  <-  69__M_Right_middle_3.BMP  (50 minutiae)
  [1962/2985] 69__M_Right_ring  <-  69__M_Right_ring_1.BMP  (50 minutiae)
  [1963/2985] 69__M_Right_ring  <-  69__M_Right_ring_2.BMP  (50 minutiae)
  [1964/2985] 69__M_Right_ring  <-  69__M_Right_ring_3.BMP  (50 minutiae)
  [1965/2985] 69__M_Right_thumb  <-  69__M_Right_thumb_1.BMP  (50 minutiae)
  [1966/2985] 69__M_Right_thumb  <-  69__M_Right_thumb_2.BMP  (50 minutiae)
  [1967/2985] 69__M_Right_thumb  <-  69__M_Right_thumb_3.BMP  (50 minutiae)
  [1968/2985] 6__M_Left_index  <-  6__M_Left_index_1.BMP  (50 minutiae)
  [1969/2985] 6__M_Left_index  <-  6__M_Left_index_2.BMP  (50 minutiae)
  [1970/2985] 6__M_Left_index  <-  6__M_Left_index_3.BMP  (50 minutiae)
  [1971/2985] 6__M_Left_little  <-  6__M_Left_little_1.BMP  (50 minutiae)
  [1972/2985] 6__M_Left_little  <-  6__M_Left_little_2.BMP  (50 minutiae)
  [1973/2985] 6__M_Left_little  <-  6__M_Left_little_3.BMP  (50 minutiae)
  [1974/2985] 6__M_Left_middle  <-  6__M_Left_middle_1.BMP  (50 minutiae)
  [1975/2985] 6__M_Left_middle  <-  6__M_Left_middle_2.BMP  (50 minutiae)
  [1976/2985] 6__M_Left_middle  <-  6__M_Left_middle_3.BMP  (50 minutiae)
  [1977/2985] 6__M_Left_ring  <-  6__M_Left_ring_1.BMP  (50 minutiae)
  [1978/2985] 6__M_Left_ring  <-  6__M_Left_ring_2.BMP  (50 minutiae)
  [1979/2985] 6__M_Left_ring  <-  6__M_Left_ring_3.BMP  (50 minutiae)
  [1980/2985] 6__M_Left_thumb  <-  6__M_Left_thumb_1.BMP  (50 minutiae)
  [1981/2985] 6__M_Left_thumb  <-  6__M_Left_thumb_2.BMP  (50 minutiae)
  [1982/2985] 6__M_Left_thumb  <-  6__M_Left_thumb_3.BMP  (50 minutiae)
  [1983/2985] 6__M_Right_index  <-  6__M_Right_index_1.BMP  (50 minutiae)
  [1984/2985] 6__M_Right_index  <-  6__M_Right_index_2.BMP  (50 minutiae)
  [1985/2985] 6__M_Right_index  <-  6__M_Right_index_3.BMP  (50 minutiae)
  [1986/2985] 6__M_Right_little  <-  6__M_Right_little_1.BMP  (50 minutiae)
  [1987/2985] 6__M_Right_little  <-  6__M_Right_little_2.BMP  (50 minutiae)
  [1988/2985] 6__M_Right_little  <-  6__M_Right_little_3.BMP  (50 minutiae)
  [1989/2985] 6__M_Right_middle  <-  6__M_Right_middle_1.BMP  (50 minutiae)
  [1990/2985] 6__M_Right_middle  <-  6__M_Right_middle_2.BMP  (50 minutiae)
  [1991/2985] 6__M_Right_middle  <-  6__M_Right_middle_3.BMP  (50 minutiae)
  [1992/2985] 6__M_Right_ring  <-  6__M_Right_ring_1.BMP  (50 minutiae)
  [1993/2985] 6__M_Right_ring  <-  6__M_Right_ring_2.BMP  (50 minutiae)
  [1994/2985] 6__M_Right_ring  <-  6__M_Right_ring_3.BMP  (50 minutiae)
  [1995/2985] 6__M_Right_thumb  <-  6__M_Right_thumb_1.BMP  (50 minutiae)
  [1996/2985] 6__M_Right_thumb  <-  6__M_Right_thumb_2.BMP  (50 minutiae)
  [1997/2985] 6__M_Right_thumb  <-  6__M_Right_thumb_3.BMP  (50 minutiae)
  [1998/2985] 70__M_Left_index  <-  70__M_Left_index_1.BMP  (50 minutiae)
  [1999/2985] 70__M_Left_index  <-  70__M_Left_index_2.BMP  (50 minutiae)
  [2000/2985] 70__M_Left_index  <-  70__M_Left_index_3.BMP  (50 minutiae)
  [2001/2985] 70__M_Left_little  <-  70__M_Left_little_1.BMP  (50 minutiae)
  [2002/2985] 70__M_Left_little  <-  70__M_Left_little_2.BMP  (50 minutiae)
  [2003/2985] 70__M_Left_little  <-  70__M_Left_little_3.BMP  (50 minutiae)
  [2004/2985] 70__M_Left_middle  <-  70__M_Left_middle_1.BMP  (50 minutiae)
  [2005/2985] 70__M_Left_middle  <-  70__M_Left_middle_2.BMP  (50 minutiae)
  [2006/2985] 70__M_Left_middle  <-  70__M_Left_middle_3.BMP  (50 minutiae)
  [2007/2985] 70__M_Left_ring  <-  70__M_Left_ring_1.BMP  (50 minutiae)
  [2008/2985] 70__M_Left_ring  <-  70__M_Left_ring_2.BMP  (50 minutiae)
  [2009/2985] 70__M_Left_ring  <-  70__M_Left_ring_3.BMP  (50 minutiae)
  [2010/2985] 70__M_Left_thumb  <-  70__M_Left_thumb_1.BMP  (50 minutiae)
  [2011/2985] 70__M_Left_thumb  <-  70__M_Left_thumb_2.BMP  (50 minutiae)
  [2012/2985] 70__M_Left_thumb  <-  70__M_Left_thumb_3.BMP  (50 minutiae)
  [2013/2985] 70__M_Right_index  <-  70__M_Right_index_1.BMP  (50 minutiae)
  [2014/2985] 70__M_Right_index  <-  70__M_Right_index_2.BMP  (50 minutiae)
  [2015/2985] 70__M_Right_index  <-  70__M_Right_index_3.BMP  (50 minutiae)
  [2016/2985] 70__M_Right_little  <-  70__M_Right_little_1.BMP  (50 minutiae)
  [2017/2985] 70__M_Right_little  <-  70__M_Right_little_2.BMP  (50 minutiae)
  [2018/2985] 70__M_Right_little  <-  70__M_Right_little_3.BMP  (50 minutiae)
  [2019/2985] 70__M_Right_middle  <-  70__M_Right_middle_1.BMP  (50 minutiae)
  [2020/2985] 70__M_Right_middle  <-  70__M_Right_middle_2.BMP  (50 minutiae)
  [2021/2985] 70__M_Right_middle  <-  70__M_Right_middle_3.BMP  (50 minutiae)
  [2022/2985] 70__M_Right_ring  <-  70__M_Right_ring_1.BMP  (50 minutiae)
  [2023/2985] 70__M_Right_ring  <-  70__M_Right_ring_2.BMP  (50 minutiae)
  [2024/2985] 70__M_Right_ring  <-  70__M_Right_ring_3.BMP  (50 minutiae)
  [2025/2985] 70__M_Right_thumb  <-  70__M_Right_thumb_1.BMP  (50 minutiae)
  [2026/2985] 70__M_Right_thumb  <-  70__M_Right_thumb_2.BMP  (50 minutiae)
  [2027/2985] 70__M_Right_thumb  <-  70__M_Right_thumb_3.BMP  (50 minutiae)
  [2028/2985] 71__M_Left_index  <-  71__M_Left_index_1.BMP  (50 minutiae)
  [2029/2985] 71__M_Left_index  <-  71__M_Left_index_2.BMP  (50 minutiae)
  [2030/2985] 71__M_Left_index  <-  71__M_Left_index_3.BMP  (50 minutiae)
  [2031/2985] 71__M_Left_little  <-  71__M_Left_little_1.BMP  (50 minutiae)
  [2032/2985] 71__M_Left_little  <-  71__M_Left_little_2.BMP  (50 minutiae)
  [2033/2985] 71__M_Left_little  <-  71__M_Left_little_3.BMP  (50 minutiae)
  [2034/2985] 71__M_Left_middle  <-  71__M_Left_middle_1.BMP  (50 minutiae)
  [2035/2985] 71__M_Left_middle  <-  71__M_Left_middle_2.BMP  (50 minutiae)
  [2036/2985] 71__M_Left_middle  <-  71__M_Left_middle_3.BMP  (50 minutiae)
  [2037/2985] 71__M_Left_ring  <-  71__M_Left_ring_1.BMP  (50 minutiae)
  [2038/2985] 71__M_Left_ring  <-  71__M_Left_ring_2.BMP  (50 minutiae)
  [2039/2985] 71__M_Left_ring  <-  71__M_Left_ring_3.BMP  (50 minutiae)
  [2040/2985] 71__M_Left_thumb  <-  71__M_Left_thumb_1.BMP  (50 minutiae)
  [2041/2985] 71__M_Left_thumb  <-  71__M_Left_thumb_2.BMP  (50 minutiae)
  [2042/2985] 71__M_Left_thumb  <-  71__M_Left_thumb_3.BMP  (50 minutiae)
  [2043/2985] 71__M_Right_index  <-  71__M_Right_index_1.BMP  (50 minutiae)
  [2044/2985] 71__M_Right_index  <-  71__M_Right_index_2.BMP  (50 minutiae)
  [2045/2985] 71__M_Right_index  <-  71__M_Right_index_3.BMP  (50 minutiae)
  [2046/2985] 71__M_Right_little  <-  71__M_Right_little_1.BMP  (50 minutiae)
  [2047/2985] 71__M_Right_little  <-  71__M_Right_little_2.BMP  (50 minutiae)
  [2048/2985] 71__M_Right_little  <-  71__M_Right_little_3.BMP  (50 minutiae)
  [2049/2985] 71__M_Right_middle  <-  71__M_Right_middle_1.BMP  (50 minutiae)
  [2050/2985] 71__M_Right_middle  <-  71__M_Right_middle_2.BMP  (50 minutiae)
  [2051/2985] 71__M_Right_middle  <-  71__M_Right_middle_3.BMP  (50 minutiae)
  [2052/2985] 71__M_Right_ring  <-  71__M_Right_ring_1.BMP  (50 minutiae)
  [2053/2985] 71__M_Right_ring  <-  71__M_Right_ring_2.BMP  (50 minutiae)
  [2054/2985] 71__M_Right_ring  <-  71__M_Right_ring_3.BMP  (50 minutiae)
  [2055/2985] 71__M_Right_thumb  <-  71__M_Right_thumb_1.BMP  (50 minutiae)
  [2056/2985] 71__M_Right_thumb  <-  71__M_Right_thumb_2.BMP  (50 minutiae)
  [2057/2985] 71__M_Right_thumb  <-  71__M_Right_thumb_3.BMP  (50 minutiae)
  [2058/2985] 72__M_Left_index  <-  72__M_Left_index_1.BMP  (50 minutiae)
  [2059/2985] 72__M_Left_index  <-  72__M_Left_index_2.BMP  (50 minutiae)
  [2060/2985] 72__M_Left_index  <-  72__M_Left_index_3.BMP  (50 minutiae)
  [2061/2985] 72__M_Left_little  <-  72__M_Left_little_1.BMP  (50 minutiae)
  [2062/2985] 72__M_Left_little  <-  72__M_Left_little_2.BMP  (50 minutiae)
  [2063/2985] 72__M_Left_little  <-  72__M_Left_little_3.BMP  (50 minutiae)
  [2064/2985] 72__M_Left_middle  <-  72__M_Left_middle_1.BMP  (50 minutiae)
  [2065/2985] 72__M_Left_middle  <-  72__M_Left_middle_2.BMP  (50 minutiae)
  [2066/2985] 72__M_Left_middle  <-  72__M_Left_middle_3.BMP  (50 minutiae)
  [2067/2985] 72__M_Left_ring  <-  72__M_Left_ring_1.BMP  (50 minutiae)
  [2068/2985] 72__M_Left_ring  <-  72__M_Left_ring_2.BMP  (50 minutiae)
  [2069/2985] 72__M_Left_ring  <-  72__M_Left_ring_3.BMP  (50 minutiae)
  [2070/2985] 72__M_Left_thumb  <-  72__M_Left_thumb_1.BMP  (50 minutiae)
  [2071/2985] 72__M_Left_thumb  <-  72__M_Left_thumb_2.BMP  (50 minutiae)
  [2072/2985] 72__M_Left_thumb  <-  72__M_Left_thumb_3.BMP  (50 minutiae)
  [2073/2985] 72__M_Right_index  <-  72__M_Right_index_1.BMP  (50 minutiae)
  [2074/2985] 72__M_Right_index  <-  72__M_Right_index_2.BMP  (50 minutiae)
  [2075/2985] 72__M_Right_index  <-  72__M_Right_index_3.BMP  (50 minutiae)
  [2076/2985] 72__M_Right_little  <-  72__M_Right_little_1.BMP  (50 minutiae)
  [2077/2985] 72__M_Right_little  <-  72__M_Right_little_2.BMP  (50 minutiae)
  [2078/2985] 72__M_Right_little  <-  72__M_Right_little_3.BMP  (50 minutiae)
  [2079/2985] 72__M_Right_middle  <-  72__M_Right_middle_1.BMP  (50 minutiae)
  [2080/2985] 72__M_Right_middle  <-  72__M_Right_middle_2.BMP  (50 minutiae)
  [2081/2985] 72__M_Right_middle  <-  72__M_Right_middle_3.BMP  (50 minutiae)
  [2082/2985] 72__M_Right_ring  <-  72__M_Right_ring_1.BMP  (50 minutiae)
  [2083/2985] 72__M_Right_ring  <-  72__M_Right_ring_2.BMP  (50 minutiae)
  [2084/2985] 72__M_Right_ring  <-  72__M_Right_ring_3.BMP  (50 minutiae)
  [2085/2985] 72__M_Right_thumb  <-  72__M_Right_thumb_1.BMP  (50 minutiae)
  [2086/2985] 72__M_Right_thumb  <-  72__M_Right_thumb_2.BMP  (50 minutiae)
  [2087/2985] 72__M_Right_thumb  <-  72__M_Right_thumb_3.BMP  (50 minutiae)
  [2088/2985] 73__M_Left_index  <-  73__M_Left_index_1.BMP  (50 minutiae)
  [2089/2985] 73__M_Left_index  <-  73__M_Left_index_2.BMP  (50 minutiae)
  [2090/2985] 73__M_Left_index  <-  73__M_Left_index_3.BMP  (50 minutiae)
  [2091/2985] 73__M_Left_little  <-  73__M_Left_little_1.BMP  (50 minutiae)
  [2092/2985] 73__M_Left_little  <-  73__M_Left_little_2.BMP  (50 minutiae)
  [2093/2985] 73__M_Left_little  <-  73__M_Left_little_3.BMP  (50 minutiae)
  [2094/2985] 73__M_Left_middle  <-  73__M_Left_middle_1.BMP  (50 minutiae)
  [2095/2985] 73__M_Left_middle  <-  73__M_Left_middle_2.BMP  (50 minutiae)
  [2096/2985] 73__M_Left_middle  <-  73__M_Left_middle_3.BMP  (50 minutiae)
  [2097/2985] 73__M_Left_ring  <-  73__M_Left_ring_1.BMP  (50 minutiae)
  [2098/2985] 73__M_Left_ring  <-  73__M_Left_ring_2.BMP  (50 minutiae)
  [2099/2985] 73__M_Left_ring  <-  73__M_Left_ring_3.BMP  (50 minutiae)
  [2100/2985] 73__M_Left_thumb  <-  73__M_Left_thumb_1.BMP  (50 minutiae)
  [2101/2985] 73__M_Left_thumb  <-  73__M_Left_thumb_2.BMP  (50 minutiae)
  [2102/2985] 73__M_Left_thumb  <-  73__M_Left_thumb_3.BMP  (50 minutiae)
  [2103/2985] 73__M_Right_index  <-  73__M_Right_index_1.BMP  (50 minutiae)
  [2104/2985] 73__M_Right_index  <-  73__M_Right_index_2.BMP  (50 minutiae)
  [2105/2985] 73__M_Right_index  <-  73__M_Right_index_3.BMP  (50 minutiae)
  [2106/2985] 73__M_Right_little  <-  73__M_Right_little_1.BMP  (50 minutiae)
  [2107/2985] 73__M_Right_little  <-  73__M_Right_little_2.BMP  (50 minutiae)
  [2108/2985] 73__M_Right_little  <-  73__M_Right_little_3.BMP  (50 minutiae)
  [2109/2985] 73__M_Right_middle  <-  73__M_Right_middle_1.BMP  (50 minutiae)
  [2110/2985] 73__M_Right_middle  <-  73__M_Right_middle_2.BMP  (50 minutiae)
  [2111/2985] 73__M_Right_middle  <-  73__M_Right_middle_3.BMP  (50 minutiae)
  [2112/2985] 73__M_Right_ring  <-  73__M_Right_ring_1.BMP  (50 minutiae)
  [2113/2985] 73__M_Right_ring  <-  73__M_Right_ring_2.BMP  (50 minutiae)
  [2114/2985] 73__M_Right_ring  <-  73__M_Right_ring_3.BMP  (50 minutiae)
  [2115/2985] 73__M_Right_thumb  <-  73__M_Right_thumb_1.BMP  (50 minutiae)
  [2116/2985] 73__M_Right_thumb  <-  73__M_Right_thumb_2.BMP  (50 minutiae)
  [2117/2985] 73__M_Right_thumb  <-  73__M_Right_thumb_3.BMP  (50 minutiae)
  [2118/2985] 74__F_Left_index  <-  74__F_Left_index_1.BMP  (50 minutiae)
  [2119/2985] 74__F_Left_index  <-  74__F_Left_index_2.BMP  (50 minutiae)
  [2120/2985] 74__F_Left_index  <-  74__F_Left_index_3.BMP  (50 minutiae)
  [2121/2985] 74__F_Left_little  <-  74__F_Left_little_1.BMP  (50 minutiae)
  [2122/2985] 74__F_Left_little  <-  74__F_Left_little_2.BMP  (50 minutiae)
  [2123/2985] 74__F_Left_little  <-  74__F_Left_little_3.BMP  (50 minutiae)
  [2124/2985] 74__F_Left_middle  <-  74__F_Left_middle_1.BMP  (50 minutiae)
  [2125/2985] 74__F_Left_middle  <-  74__F_Left_middle_2.BMP  (50 minutiae)
  [2126/2985] 74__F_Left_middle  <-  74__F_Left_middle_3.BMP  (50 minutiae)
  [2127/2985] 74__F_Left_ring  <-  74__F_Left_ring_1.BMP  (50 minutiae)
  [2128/2985] 74__F_Left_ring  <-  74__F_Left_ring_2.BMP  (50 minutiae)
  [2129/2985] 74__F_Left_ring  <-  74__F_Left_ring_3.BMP  (50 minutiae)
  [2130/2985] 74__F_Left_thumb  <-  74__F_Left_thumb_1.BMP  (50 minutiae)
  [2131/2985] 74__F_Left_thumb  <-  74__F_Left_thumb_2.BMP  (50 minutiae)
  [2132/2985] 74__F_Left_thumb  <-  74__F_Left_thumb_3.BMP  (50 minutiae)
  [2133/2985] 74__F_Right_index  <-  74__F_Right_index_1.BMP  (50 minutiae)
  [2134/2985] 74__F_Right_index  <-  74__F_Right_index_2.BMP  (50 minutiae)
  [2135/2985] 74__F_Right_index  <-  74__F_Right_index_3.BMP  (50 minutiae)
  [2136/2985] 74__F_Right_little  <-  74__F_Right_little_1.BMP  (50 minutiae)
  [2137/2985] 74__F_Right_little  <-  74__F_Right_little_2.BMP  (50 minutiae)
  [2138/2985] 74__F_Right_little  <-  74__F_Right_little_3.BMP  (50 minutiae)
  [2139/2985] 74__F_Right_middle  <-  74__F_Right_middle_1.BMP  (50 minutiae)
  [2140/2985] 74__F_Right_middle  <-  74__F_Right_middle_2.BMP  (50 minutiae)
  [2141/2985] 74__F_Right_middle  <-  74__F_Right_middle_3.BMP  (50 minutiae)
  [2142/2985] 74__F_Right_ring  <-  74__F_Right_ring_1.BMP  (50 minutiae)
  [2143/2985] 74__F_Right_ring  <-  74__F_Right_ring_2.BMP  (50 minutiae)
  [2144/2985] 74__F_Right_ring  <-  74__F_Right_ring_3.BMP  (50 minutiae)
  [2145/2985] 74__F_Right_thumb  <-  74__F_Right_thumb_1.BMP  (50 minutiae)
  [2146/2985] 74__F_Right_thumb  <-  74__F_Right_thumb_2.BMP  (50 minutiae)
  [2147/2985] 74__F_Right_thumb  <-  74__F_Right_thumb_3.BMP  (50 minutiae)
  [2148/2985] 75__F_Left_index  <-  75__F_Left_index_1.BMP  (50 minutiae)
  [2149/2985] 75__F_Left_index  <-  75__F_Left_index_2.BMP  (50 minutiae)
  [2150/2985] 75__F_Left_index  <-  75__F_Left_index_3.BMP  (50 minutiae)
  [2151/2985] 75__F_Left_little  <-  75__F_Left_little_1.BMP  (50 minutiae)
  [2152/2985] 75__F_Left_little  <-  75__F_Left_little_2.BMP  (50 minutiae)
  [2153/2985] 75__F_Left_little  <-  75__F_Left_little_3.BMP  (50 minutiae)
  [2154/2985] 75__F_Left_middle  <-  75__F_Left_middle_1.BMP  (50 minutiae)
  [2155/2985] 75__F_Left_middle  <-  75__F_Left_middle_2.BMP  (50 minutiae)
  [2156/2985] 75__F_Left_middle  <-  75__F_Left_middle_3.BMP  (50 minutiae)
  [2157/2985] 75__F_Left_ring  <-  75__F_Left_ring_1.BMP  (50 minutiae)
  [2158/2985] 75__F_Left_ring  <-  75__F_Left_ring_2.BMP  (50 minutiae)
  [2159/2985] 75__F_Left_ring  <-  75__F_Left_ring_3.BMP  (50 minutiae)
  [2160/2985] 75__F_Left_thumb  <-  75__F_Left_thumb_1.BMP  (50 minutiae)
  [2161/2985] 75__F_Left_thumb  <-  75__F_Left_thumb_2.BMP  (50 minutiae)
  [2162/2985] 75__F_Left_thumb  <-  75__F_Left_thumb_3.BMP  (50 minutiae)
  [2163/2985] 75__F_Right_index  <-  75__F_Right_index_1.BMP  (50 minutiae)
  [2164/2985] 75__F_Right_index  <-  75__F_Right_index_2.BMP  (50 minutiae)
  [2165/2985] 75__F_Right_index  <-  75__F_Right_index_3.BMP  (50 minutiae)
  [2166/2985] 75__F_Right_little  <-  75__F_Right_little_1.BMP  (50 minutiae)
  [2167/2985] 75__F_Right_little  <-  75__F_Right_little_2.BMP  (50 minutiae)
  [2168/2985] 75__F_Right_little  <-  75__F_Right_little_3.BMP  (50 minutiae)
  [2169/2985] 75__F_Right_middle  <-  75__F_Right_middle_1.BMP  (50 minutiae)
  [2170/2985] 75__F_Right_middle  <-  75__F_Right_middle_2.BMP  (50 minutiae)
  [2171/2985] 75__F_Right_middle  <-  75__F_Right_middle_3.BMP  (50 minutiae)
  [2172/2985] 75__F_Right_ring  <-  75__F_Right_ring_1.BMP  (50 minutiae)
  [2173/2985] 75__F_Right_ring  <-  75__F_Right_ring_2.BMP  (50 minutiae)
  [2174/2985] 75__F_Right_ring  <-  75__F_Right_ring_3.BMP  (50 minutiae)
  [2175/2985] 75__F_Right_thumb  <-  75__F_Right_thumb_1.BMP  (50 minutiae)
  [2176/2985] 75__F_Right_thumb  <-  75__F_Right_thumb_2.BMP  (50 minutiae)
  [2177/2985] 75__F_Right_thumb  <-  75__F_Right_thumb_3.BMP  (50 minutiae)
  [2178/2985] 76__F_Left_index  <-  76__F_Left_index_1.BMP  (50 minutiae)
  [2179/2985] 76__F_Left_index  <-  76__F_Left_index_2.BMP  (50 minutiae)
  [2180/2985] 76__F_Left_index  <-  76__F_Left_index_3.BMP  (50 minutiae)
  [2181/2985] 76__F_Left_little  <-  76__F_Left_little_1.BMP  (50 minutiae)
  [2182/2985] 76__F_Left_little  <-  76__F_Left_little_2.BMP  (50 minutiae)
  [2183/2985] 76__F_Left_little  <-  76__F_Left_little_3.BMP  (50 minutiae)
  [2184/2985] 76__F_Left_middle  <-  76__F_Left_middle_1.BMP  (50 minutiae)
  [2185/2985] 76__F_Left_middle  <-  76__F_Left_middle_2.BMP  (50 minutiae)
  [2186/2985] 76__F_Left_middle  <-  76__F_Left_middle_3.BMP  (50 minutiae)
  [2187/2985] 76__F_Left_ring  <-  76__F_Left_ring_1.BMP  (50 minutiae)
  [2188/2985] 76__F_Left_ring  <-  76__F_Left_ring_2.BMP  (50 minutiae)
  [2189/2985] 76__F_Left_ring  <-  76__F_Left_ring_3.BMP  (50 minutiae)
  [2190/2985] 76__F_Left_thumb  <-  76__F_Left_thumb_1.BMP  (50 minutiae)
  [2191/2985] 76__F_Left_thumb  <-  76__F_Left_thumb_2.BMP  (50 minutiae)
  [2192/2985] 76__F_Left_thumb  <-  76__F_Left_thumb_3.BMP  (50 minutiae)
  [2193/2985] 76__F_Right_index  <-  76__F_Right_index_1.BMP  (50 minutiae)
  [2194/2985] 76__F_Right_index  <-  76__F_Right_index_2.BMP  (50 minutiae)
  [2195/2985] 76__F_Right_index  <-  76__F_Right_index_3.BMP  (50 minutiae)
  [2196/2985] 76__F_Right_little  <-  76__F_Right_little_1.BMP  (50 minutiae)
  [2197/2985] 76__F_Right_little  <-  76__F_Right_little_2.BMP  (50 minutiae)
  [2198/2985] 76__F_Right_little  <-  76__F_Right_little_3.BMP  (50 minutiae)
  [2199/2985] 76__F_Right_middle  <-  76__F_Right_middle_1.BMP  (50 minutiae)
  [2200/2985] 76__F_Right_middle  <-  76__F_Right_middle_2.BMP  (50 minutiae)
  [2201/2985] 76__F_Right_middle  <-  76__F_Right_middle_3.BMP  (50 minutiae)
  [2202/2985] 76__F_Right_ring  <-  76__F_Right_ring_1.BMP  (50 minutiae)
  [2203/2985] 76__F_Right_ring  <-  76__F_Right_ring_2.BMP  (50 minutiae)
  [2204/2985] 76__F_Right_ring  <-  76__F_Right_ring_3.BMP  (50 minutiae)
  [2205/2985] 76__F_Right_thumb  <-  76__F_Right_thumb_1.BMP  (50 minutiae)
  [2206/2985] 76__F_Right_thumb  <-  76__F_Right_thumb_2.BMP  (50 minutiae)
  [2207/2985] 76__F_Right_thumb  <-  76__F_Right_thumb_3.BMP  (50 minutiae)
  [2208/2985] 77__M_Left_index  <-  77__M_Left_index_1.BMP  (50 minutiae)
  [2209/2985] 77__M_Left_index  <-  77__M_Left_index_2.BMP  (50 minutiae)
  [2210/2985] 77__M_Left_index  <-  77__M_Left_index_3.BMP  (50 minutiae)
  [2211/2985] 77__M_Left_little  <-  77__M_Left_little_1.BMP  (50 minutiae)
  [2212/2985] 77__M_Left_little  <-  77__M_Left_little_2.BMP  (50 minutiae)
  [2213/2985] 77__M_Left_little  <-  77__M_Left_little_3.BMP  (50 minutiae)
  [2214/2985] 77__M_Left_middle  <-  77__M_Left_middle_1.BMP  (50 minutiae)
  [2215/2985] 77__M_Left_middle  <-  77__M_Left_middle_2.BMP  (50 minutiae)
  [2216/2985] 77__M_Left_middle  <-  77__M_Left_middle_3.BMP  (50 minutiae)
  [2217/2985] 77__M_Left_ring  <-  77__M_Left_ring_1.BMP  (50 minutiae)
  [2218/2985] 77__M_Left_ring  <-  77__M_Left_ring_2.BMP  (50 minutiae)
  [2219/2985] 77__M_Left_ring  <-  77__M_Left_ring_3.BMP  (50 minutiae)
  [2220/2985] 77__M_Left_thumb  <-  77__M_Left_thumb_1.BMP  (50 minutiae)
  [2221/2985] 77__M_Left_thumb  <-  77__M_Left_thumb_2.BMP  (50 minutiae)
  [2222/2985] 77__M_Left_thumb  <-  77__M_Left_thumb_3.BMP  (50 minutiae)
  [2223/2985] 77__M_Right_index  <-  77__M_Right_index_1.BMP  (50 minutiae)
  [2224/2985] 77__M_Right_index  <-  77__M_Right_index_2.BMP  (50 minutiae)
  [2225/2985] 77__M_Right_index  <-  77__M_Right_index_3.BMP  (50 minutiae)
  [2226/2985] 77__M_Right_little  <-  77__M_Right_little_1.BMP  (50 minutiae)
  [2227/2985] 77__M_Right_little  <-  77__M_Right_little_2.BMP  (50 minutiae)
  [2228/2985] 77__M_Right_little  <-  77__M_Right_little_3.BMP  (50 minutiae)
  [2229/2985] 77__M_Right_middle  <-  77__M_Right_middle_1.BMP  (50 minutiae)
  [2230/2985] 77__M_Right_middle  <-  77__M_Right_middle_2.BMP  (50 minutiae)
  [2231/2985] 77__M_Right_middle  <-  77__M_Right_middle_3.BMP  (50 minutiae)
  [2232/2985] 77__M_Right_ring  <-  77__M_Right_ring_1.BMP  (50 minutiae)
  [2233/2985] 77__M_Right_ring  <-  77__M_Right_ring_2.BMP  (50 minutiae)
  [2234/2985] 77__M_Right_ring  <-  77__M_Right_ring_3.BMP  (50 minutiae)
  [2235/2985] 77__M_Right_thumb  <-  77__M_Right_thumb_1.BMP  (50 minutiae)
  [2236/2985] 77__M_Right_thumb  <-  77__M_Right_thumb_2.BMP  (50 minutiae)
  [2237/2985] 77__M_Right_thumb  <-  77__M_Right_thumb_3.BMP  (50 minutiae)
  [2238/2985] 78__F_Left_index  <-  78__F_Left_index_1.BMP  (50 minutiae)
  [2239/2985] 78__F_Left_index  <-  78__F_Left_index_2.BMP  (50 minutiae)
  [2240/2985] 78__F_Left_index  <-  78__F_Left_index_3.BMP  (50 minutiae)
  [2241/2985] 78__F_Left_little  <-  78__F_Left_little_1.BMP  (50 minutiae)
  [2242/2985] 78__F_Left_little  <-  78__F_Left_little_2.BMP  (50 minutiae)
  [2243/2985] 78__F_Left_little  <-  78__F_Left_little_3.BMP  (50 minutiae)
  [2244/2985] 78__F_Left_middle  <-  78__F_Left_middle_1.BMP  (50 minutiae)
  [2245/2985] 78__F_Left_middle  <-  78__F_Left_middle_2.BMP  (50 minutiae)
  [2246/2985] 78__F_Left_middle  <-  78__F_Left_middle_3.BMP  (50 minutiae)
  [2247/2985] 78__F_Left_ring  <-  78__F_Left_ring_1.BMP  (50 minutiae)
  [2248/2985] 78__F_Left_ring  <-  78__F_Left_ring_2.BMP  (50 minutiae)
  [2249/2985] 78__F_Left_ring  <-  78__F_Left_ring_3.BMP  (50 minutiae)
  [2250/2985] 78__F_Left_thumb  <-  78__F_Left_thumb_1.BMP  (50 minutiae)
  [2251/2985] 78__F_Left_thumb  <-  78__F_Left_thumb_2.BMP  (50 minutiae)
  [2252/2985] 78__F_Left_thumb  <-  78__F_Left_thumb_3.BMP  (50 minutiae)
  [2253/2985] 78__F_Right_index  <-  78__F_Right_index_1.BMP  (50 minutiae)
  [2254/2985] 78__F_Right_index  <-  78__F_Right_index_2.BMP  (50 minutiae)
  [2255/2985] 78__F_Right_index  <-  78__F_Right_index_3.BMP  (50 minutiae)
  [2256/2985] 78__F_Right_little  <-  78__F_Right_little_1.BMP  (50 minutiae)
  [2257/2985] 78__F_Right_little  <-  78__F_Right_little_2.BMP  (50 minutiae)
  [2258/2985] 78__F_Right_little  <-  78__F_Right_little_3.BMP  (50 minutiae)
  [2259/2985] 78__F_Right_middle  <-  78__F_Right_middle_1.BMP  (50 minutiae)
  [2260/2985] 78__F_Right_middle  <-  78__F_Right_middle_2.BMP  (50 minutiae)
  [2261/2985] 78__F_Right_middle  <-  78__F_Right_middle_3.BMP  (50 minutiae)
  [2262/2985] 78__F_Right_ring  <-  78__F_Right_ring_1.BMP  (50 minutiae)
  [2263/2985] 78__F_Right_ring  <-  78__F_Right_ring_2.BMP  (50 minutiae)
  [2264/2985] 78__F_Right_ring  <-  78__F_Right_ring_3.BMP  (50 minutiae)
  [2265/2985] 78__F_Right_thumb  <-  78__F_Right_thumb_1.BMP  (50 minutiae)
  [2266/2985] 78__F_Right_thumb  <-  78__F_Right_thumb_2.BMP  (50 minutiae)
  [2267/2985] 78__F_Right_thumb  <-  78__F_Right_thumb_3.BMP  (50 minutiae)
  [2268/2985] 79__M_Left_index  <-  79__M_Left_index_1.BMP  (50 minutiae)
  [2269/2985] 79__M_Left_index  <-  79__M_Left_index_2.BMP  (50 minutiae)
  [2270/2985] 79__M_Left_index  <-  79__M_Left_index_3.BMP  (50 minutiae)
  [2271/2985] 79__M_Left_little  <-  79__M_Left_little_1.BMP  (50 minutiae)
  [2272/2985] 79__M_Left_little  <-  79__M_Left_little_2.BMP  (50 minutiae)
  [2273/2985] 79__M_Left_little  <-  79__M_Left_little_3.BMP  (50 minutiae)
  [2274/2985] 79__M_Left_middle  <-  79__M_Left_middle_1.BMP  (50 minutiae)
  [2275/2985] 79__M_Left_middle  <-  79__M_Left_middle_2.BMP  (50 minutiae)
  [2276/2985] 79__M_Left_middle  <-  79__M_Left_middle_3.BMP  (50 minutiae)
  [2277/2985] 79__M_Left_ring  <-  79__M_Left_ring_1.BMP  (50 minutiae)
  [2278/2985] 79__M_Left_ring  <-  79__M_Left_ring_2.BMP  (50 minutiae)
  [2279/2985] 79__M_Left_ring  <-  79__M_Left_ring_3.BMP  (50 minutiae)
  [2280/2985] 79__M_Left_thumb  <-  79__M_Left_thumb_1.BMP  (50 minutiae)
  [2281/2985] 79__M_Left_thumb  <-  79__M_Left_thumb_2.BMP  (50 minutiae)
  [2282/2985] 79__M_Left_thumb  <-  79__M_Left_thumb_3.BMP  (50 minutiae)
  [2283/2985] 79__M_Right_index  <-  79__M_Right_index_1.BMP  (50 minutiae)
  [2284/2985] 79__M_Right_index  <-  79__M_Right_index_2.BMP  (50 minutiae)
  [2285/2985] 79__M_Right_index  <-  79__M_Right_index_3.BMP  (50 minutiae)
  [2286/2985] 79__M_Right_little  <-  79__M_Right_little_1.BMP  (50 minutiae)
  [2287/2985] 79__M_Right_little  <-  79__M_Right_little_2.BMP  (50 minutiae)
  [2288/2985] 79__M_Right_little  <-  79__M_Right_little_3.BMP  (50 minutiae)
  [2289/2985] 79__M_Right_middle  <-  79__M_Right_middle_1.BMP  (50 minutiae)
  [2290/2985] 79__M_Right_middle  <-  79__M_Right_middle_2.BMP  (50 minutiae)
  [2291/2985] 79__M_Right_middle  <-  79__M_Right_middle_3.BMP  (50 minutiae)
  [2292/2985] 79__M_Right_ring  <-  79__M_Right_ring_1.BMP  (50 minutiae)
  [2293/2985] 79__M_Right_ring  <-  79__M_Right_ring_2.BMP  (50 minutiae)
  [2294/2985] 79__M_Right_ring  <-  79__M_Right_ring_3.BMP  (50 minutiae)
  [2295/2985] 79__M_Right_thumb  <-  79__M_Right_thumb_1.BMP  (50 minutiae)
  [2296/2985] 79__M_Right_thumb  <-  79__M_Right_thumb_2.BMP  (50 minutiae)
  [2297/2985] 79__M_Right_thumb  <-  79__M_Right_thumb_3.BMP  (50 minutiae)
  [2298/2985] 7__M_Left_index  <-  7__M_Left_index_1.BMP  (50 minutiae)
  [2299/2985] 7__M_Left_index  <-  7__M_Left_index_2.BMP  (50 minutiae)
  [2300/2985] 7__M_Left_index  <-  7__M_Left_index_3.BMP  (50 minutiae)
  [2301/2985] 7__M_Left_little  <-  7__M_Left_little_1.BMP  (50 minutiae)
  [2302/2985] 7__M_Left_little  <-  7__M_Left_little_2.BMP  (50 minutiae)
  [2303/2985] 7__M_Left_little  <-  7__M_Left_little_3.BMP  (50 minutiae)
  [2304/2985] 7__M_Left_middle  <-  7__M_Left_middle_1.BMP  (50 minutiae)
  [2305/2985] 7__M_Left_middle  <-  7__M_Left_middle_2.BMP  (50 minutiae)
  [2306/2985] 7__M_Left_middle  <-  7__M_Left_middle_3.BMP  (50 minutiae)
  [2307/2985] 7__M_Left_ring  <-  7__M_Left_ring_1.BMP  (50 minutiae)
  [2308/2985] 7__M_Left_ring  <-  7__M_Left_ring_2.BMP  (50 minutiae)
  [2309/2985] 7__M_Left_ring  <-  7__M_Left_ring_3.BMP  (50 minutiae)
  [2310/2985] 7__M_Left_thumb  <-  7__M_Left_thumb_1.BMP  (50 minutiae)
  [2311/2985] 7__M_Left_thumb  <-  7__M_Left_thumb_2.BMP  (50 minutiae)
  [2312/2985] 7__M_Left_thumb  <-  7__M_Left_thumb_3.BMP  (50 minutiae)
  [2313/2985] 7__M_Right_index  <-  7__M_Right_index_1.BMP  (50 minutiae)
  [2314/2985] 7__M_Right_index  <-  7__M_Right_index_2.BMP  (50 minutiae)
  [2315/2985] 7__M_Right_index  <-  7__M_Right_index_3.BMP  (50 minutiae)
  [2316/2985] 7__M_Right_little  <-  7__M_Right_little_1.BMP  (50 minutiae)
  [2317/2985] 7__M_Right_little  <-  7__M_Right_little_2.BMP  (50 minutiae)
  [2318/2985] 7__M_Right_little  <-  7__M_Right_little_3.BMP  (50 minutiae)
  [2319/2985] 7__M_Right_middle  <-  7__M_Right_middle_1.BMP  (50 minutiae)
  [2320/2985] 7__M_Right_middle  <-  7__M_Right_middle_2.BMP  (50 minutiae)
  [2321/2985] 7__M_Right_middle  <-  7__M_Right_middle_3.BMP  (50 minutiae)
  [2322/2985] 7__M_Right_ring  <-  7__M_Right_ring_1.BMP  (50 minutiae)
  [2323/2985] 7__M_Right_ring  <-  7__M_Right_ring_2.BMP  (50 minutiae)
  [2324/2985] 7__M_Right_ring  <-  7__M_Right_ring_3.BMP  (50 minutiae)
  [2325/2985] 7__M_Right_thumb  <-  7__M_Right_thumb_1.BMP  (50 minutiae)
  [2326/2985] 7__M_Right_thumb  <-  7__M_Right_thumb_2.BMP  (50 minutiae)
  [2327/2985] 7__M_Right_thumb  <-  7__M_Right_thumb_3.BMP  (50 minutiae)
  [2328/2985] 80__M_Left_index  <-  80__M_Left_index_1.BMP  (50 minutiae)
  [2329/2985] 80__M_Left_index  <-  80__M_Left_index_2.BMP  (50 minutiae)
  [2330/2985] 80__M_Left_index  <-  80__M_Left_index_3.BMP  (50 minutiae)
  [2331/2985] 80__M_Left_little  <-  80__M_Left_little_1.BMP  (50 minutiae)
  [2332/2985] 80__M_Left_little  <-  80__M_Left_little_2.BMP  (50 minutiae)
  [2333/2985] 80__M_Left_little  <-  80__M_Left_little_3.BMP  (50 minutiae)
  [2334/2985] 80__M_Left_middle  <-  80__M_Left_middle_1.BMP  (50 minutiae)
  [2335/2985] 80__M_Left_middle  <-  80__M_Left_middle_2.BMP  (50 minutiae)
  [2336/2985] 80__M_Left_middle  <-  80__M_Left_middle_3.BMP  (50 minutiae)
  [2337/2985] 80__M_Left_ring  <-  80__M_Left_ring_1.BMP  (50 minutiae)
  [2338/2985] 80__M_Left_ring  <-  80__M_Left_ring_2.BMP  (50 minutiae)
  [2339/2985] 80__M_Left_ring  <-  80__M_Left_ring_3.BMP  (50 minutiae)
  [2340/2985] 80__M_Left_thumb  <-  80__M_Left_thumb_1.BMP  (50 minutiae)
  [2341/2985] 80__M_Left_thumb  <-  80__M_Left_thumb_2.BMP  (50 minutiae)
  [2342/2985] 80__M_Left_thumb  <-  80__M_Left_thumb_3.BMP  (50 minutiae)
  [2343/2985] 80__M_Right_index  <-  80__M_Right_index_1.BMP  (50 minutiae)
  [2344/2985] 80__M_Right_index  <-  80__M_Right_index_2.BMP  (50 minutiae)
  [2345/2985] 80__M_Right_index  <-  80__M_Right_index_3.BMP  (50 minutiae)
  [2346/2985] 80__M_Right_little  <-  80__M_Right_little_1.BMP  (50 minutiae)
  [2347/2985] 80__M_Right_little  <-  80__M_Right_little_2.BMP  (50 minutiae)
  [2348/2985] 80__M_Right_little  <-  80__M_Right_little_3.BMP  (50 minutiae)
  [2349/2985] 80__M_Right_middle  <-  80__M_Right_middle_1.BMP  (50 minutiae)
  [2350/2985] 80__M_Right_middle  <-  80__M_Right_middle_2.BMP  (50 minutiae)
  [2351/2985] 80__M_Right_middle  <-  80__M_Right_middle_3.BMP  (50 minutiae)
  [2352/2985] 80__M_Right_ring  <-  80__M_Right_ring_1.BMP  (50 minutiae)
  [2353/2985] 80__M_Right_ring  <-  80__M_Right_ring_2.BMP  (50 minutiae)
  [2354/2985] 80__M_Right_ring  <-  80__M_Right_ring_3.BMP  (50 minutiae)
  [2355/2985] 80__M_Right_thumb  <-  80__M_Right_thumb_1.BMP  (50 minutiae)
  [2356/2985] 80__M_Right_thumb  <-  80__M_Right_thumb_2.BMP  (50 minutiae)
  [2357/2985] 80__M_Right_thumb  <-  80__M_Right_thumb_3.BMP  (50 minutiae)
  [2358/2985] 81__F_Left_index  <-  81__F_Left_index_1.BMP  (50 minutiae)
  [2359/2985] 81__F_Left_index  <-  81__F_Left_index_2.BMP  (50 minutiae)
  [2360/2985] 81__F_Left_index  <-  81__F_Left_index_3.BMP  (50 minutiae)
  [2361/2985] 81__F_Left_little  <-  81__F_Left_little_1.BMP  (50 minutiae)
  [2362/2985] 81__F_Left_little  <-  81__F_Left_little_2.BMP  (50 minutiae)
  [2363/2985] 81__F_Left_little  <-  81__F_Left_little_3.BMP  (50 minutiae)
  [2364/2985] 81__F_Left_middle  <-  81__F_Left_middle_1.BMP  (50 minutiae)
  [2365/2985] 81__F_Left_middle  <-  81__F_Left_middle_2.BMP  (50 minutiae)
  [2366/2985] 81__F_Left_middle  <-  81__F_Left_middle_3.BMP  (50 minutiae)
  [2367/2985] 81__F_Left_ring  <-  81__F_Left_ring_1.BMP  (50 minutiae)
  [2368/2985] 81__F_Left_ring  <-  81__F_Left_ring_2.BMP  (50 minutiae)
  [2369/2985] 81__F_Left_ring  <-  81__F_Left_ring_3.BMP  (50 minutiae)
  [2370/2985] 81__F_Left_thumb  <-  81__F_Left_thumb_1.BMP  (50 minutiae)
  [2371/2985] 81__F_Left_thumb  <-  81__F_Left_thumb_2.BMP  (50 minutiae)
  [2372/2985] 81__F_Left_thumb  <-  81__F_Left_thumb_3.BMP  (50 minutiae)
  [2373/2985] 81__F_Right_index  <-  81__F_Right_index_1.BMP  (50 minutiae)
  [2374/2985] 81__F_Right_index  <-  81__F_Right_index_2.BMP  (50 minutiae)
  [2375/2985] 81__F_Right_index  <-  81__F_Right_index_3.BMP  (50 minutiae)
  [2376/2985] 81__F_Right_little  <-  81__F_Right_little_1.BMP  (50 minutiae)
  [2377/2985] 81__F_Right_little  <-  81__F_Right_little_2.BMP  (50 minutiae)
  [2378/2985] 81__F_Right_little  <-  81__F_Right_little_3.BMP  (50 minutiae)
  [2379/2985] 81__F_Right_middle  <-  81__F_Right_middle_1.BMP  (50 minutiae)
  [2380/2985] 81__F_Right_middle  <-  81__F_Right_middle_2.BMP  (50 minutiae)
  [2381/2985] 81__F_Right_middle  <-  81__F_Right_middle_3.BMP  (50 minutiae)
  [2382/2985] 81__F_Right_ring  <-  81__F_Right_ring_1.BMP  (50 minutiae)
  [2383/2985] 81__F_Right_ring  <-  81__F_Right_ring_2.BMP  (50 minutiae)
  [2384/2985] 81__F_Right_ring  <-  81__F_Right_ring_3.BMP  (50 minutiae)
  [2385/2985] 81__F_Right_thumb  <-  81__F_Right_thumb_1.BMP  (50 minutiae)
  [2386/2985] 81__F_Right_thumb  <-  81__F_Right_thumb_2.BMP  (50 minutiae)
  [2387/2985] 81__F_Right_thumb  <-  81__F_Right_thumb_3.BMP  (50 minutiae)
  [2388/2985] 82__M_Left_index  <-  82__M_Left_index_1.BMP  (50 minutiae)
  [2389/2985] 82__M_Left_index  <-  82__M_Left_index_2.BMP  (50 minutiae)
  [2390/2985] 82__M_Left_index  <-  82__M_Left_index_3.BMP  (50 minutiae)
  [2391/2985] 82__M_Left_little  <-  82__M_Left_little_1.BMP  (50 minutiae)
  [2392/2985] 82__M_Left_little  <-  82__M_Left_little_2.BMP  (50 minutiae)
  [2393/2985] 82__M_Left_little  <-  82__M_Left_little_3.BMP  (50 minutiae)
  [2394/2985] 82__M_Left_middle  <-  82__M_Left_middle_1.BMP  (50 minutiae)
  [2395/2985] 82__M_Left_middle  <-  82__M_Left_middle_2.BMP  (50 minutiae)
  [2396/2985] 82__M_Left_middle  <-  82__M_Left_middle_3.BMP  (50 minutiae)
  [2397/2985] 82__M_Left_ring  <-  82__M_Left_ring_1.BMP  (50 minutiae)
  [2398/2985] 82__M_Left_ring  <-  82__M_Left_ring_2.BMP  (50 minutiae)
  [2399/2985] 82__M_Left_ring  <-  82__M_Left_ring_3.BMP  (50 minutiae)
  [2400/2985] 82__M_Left_thumb  <-  82__M_Left_thumb_1.BMP  (50 minutiae)
  [2401/2985] 82__M_Left_thumb  <-  82__M_Left_thumb_2.BMP  (50 minutiae)
  [2402/2985] 82__M_Left_thumb  <-  82__M_Left_thumb_3.BMP  (50 minutiae)
  [2403/2985] 82__M_Right_index  <-  82__M_Right_index_1.BMP  (50 minutiae)
  [2404/2985] 82__M_Right_index  <-  82__M_Right_index_2.BMP  (50 minutiae)
  [2405/2985] 82__M_Right_index  <-  82__M_Right_index_3.BMP  (50 minutiae)
  [2406/2985] 82__M_Right_little  <-  82__M_Right_little_1.BMP  (50 minutiae)
  [2407/2985] 82__M_Right_little  <-  82__M_Right_little_2.BMP  (50 minutiae)
  [2408/2985] 82__M_Right_little  <-  82__M_Right_little_3.BMP  (50 minutiae)
  [2409/2985] 82__M_Right_middle  <-  82__M_Right_middle_1.BMP  (50 minutiae)
  [2410/2985] 82__M_Right_middle  <-  82__M_Right_middle_2.BMP  (50 minutiae)
  [2411/2985] 82__M_Right_middle  <-  82__M_Right_middle_3.BMP  (50 minutiae)
  [2412/2985] 82__M_Right_ring  <-  82__M_Right_ring_1.BMP  (50 minutiae)
  [2413/2985] 82__M_Right_ring  <-  82__M_Right_ring_2.BMP  (50 minutiae)
  [2414/2985] 82__M_Right_ring  <-  82__M_Right_ring_3.BMP  (50 minutiae)
  [2415/2985] 82__M_Right_thumb  <-  82__M_Right_thumb_1.BMP  (50 minutiae)
  [2416/2985] 82__M_Right_thumb  <-  82__M_Right_thumb_2.BMP  (50 minutiae)
  [2417/2985] 82__M_Right_thumb  <-  82__M_Right_thumb_3.BMP  (50 minutiae)
  [2418/2985] 83__M_Left_index  <-  83__M_Left_index_1.BMP  (50 minutiae)
  [2419/2985] 83__M_Left_index  <-  83__M_Left_index_2.BMP  (50 minutiae)
  [2420/2985] 83__M_Left_index  <-  83__M_Left_index_3.BMP  (50 minutiae)
  [2421/2985] 83__M_Left_little  <-  83__M_Left_little_1.BMP  (50 minutiae)
  [2422/2985] 83__M_Left_little  <-  83__M_Left_little_2.BMP  (50 minutiae)
  [2423/2985] 83__M_Left_little  <-  83__M_Left_little_3.BMP  (50 minutiae)
  [2424/2985] 83__M_Left_middle  <-  83__M_Left_middle_1.BMP  (50 minutiae)
  [2425/2985] 83__M_Left_middle  <-  83__M_Left_middle_2.BMP  (50 minutiae)
  [2426/2985] 83__M_Left_middle  <-  83__M_Left_middle_3.BMP  (50 minutiae)
  [2427/2985] 83__M_Left_ring  <-  83__M_Left_ring_1.BMP  (50 minutiae)
  [2428/2985] 83__M_Left_ring  <-  83__M_Left_ring_2.BMP  (50 minutiae)
  [2429/2985] 83__M_Left_ring  <-  83__M_Left_ring_3.BMP  (50 minutiae)
  [2430/2985] 83__M_Left_thumb  <-  83__M_Left_thumb_1.BMP  (50 minutiae)
  [2431/2985] 83__M_Left_thumb  <-  83__M_Left_thumb_2.BMP  (50 minutiae)
  [2432/2985] 83__M_Left_thumb  <-  83__M_Left_thumb_3.BMP  (50 minutiae)
  [2433/2985] 83__M_Right_index  <-  83__M_Right_index_1.BMP  (50 minutiae)
  [2434/2985] 83__M_Right_index  <-  83__M_Right_index_2.BMP  (50 minutiae)
  [2435/2985] 83__M_Right_index  <-  83__M_Right_index_3.BMP  (50 minutiae)
  [2436/2985] 83__M_Right_little  <-  83__M_Right_little_1.BMP  (50 minutiae)
  [2437/2985] 83__M_Right_little  <-  83__M_Right_little_2.BMP  (50 minutiae)
  [2438/2985] 83__M_Right_little  <-  83__M_Right_little_3.BMP  (50 minutiae)
  [2439/2985] 83__M_Right_middle  <-  83__M_Right_middle_1.BMP  (50 minutiae)
  [2440/2985] 83__M_Right_middle  <-  83__M_Right_middle_2.BMP  (50 minutiae)
  [2441/2985] 83__M_Right_middle  <-  83__M_Right_middle_3.BMP  (50 minutiae)
  [2442/2985] 83__M_Right_ring  <-  83__M_Right_ring_1.BMP  (50 minutiae)
  [2443/2985] 83__M_Right_ring  <-  83__M_Right_ring_2.BMP  (50 minutiae)
  [2444/2985] 83__M_Right_ring  <-  83__M_Right_ring_3.BMP  (50 minutiae)
  [2445/2985] 83__M_Right_thumb  <-  83__M_Right_thumb_1.BMP  (50 minutiae)
  [2446/2985] 83__M_Right_thumb  <-  83__M_Right_thumb_2.BMP  (50 minutiae)
  [2447/2985] 83__M_Right_thumb  <-  83__M_Right_thumb_3.BMP  (50 minutiae)
  [2448/2985] 84__M_Left_index  <-  84__M_Left_index_1.BMP  (50 minutiae)
  [2449/2985] 84__M_Left_index  <-  84__M_Left_index_2.BMP  (50 minutiae)
  [2450/2985] 84__M_Left_index  <-  84__M_Left_index_3.BMP  (50 minutiae)
  [2451/2985] 84__M_Left_little  <-  84__M_Left_little_1.BMP  (50 minutiae)
  [2452/2985] 84__M_Left_little  <-  84__M_Left_little_2.BMP  (50 minutiae)
  [2453/2985] 84__M_Left_little  <-  84__M_Left_little_3.BMP  (50 minutiae)
  [2454/2985] 84__M_Left_middle  <-  84__M_Left_middle_1.BMP  (50 minutiae)
  [2455/2985] 84__M_Left_middle  <-  84__M_Left_middle_2.BMP  (50 minutiae)
  [2456/2985] 84__M_Left_middle  <-  84__M_Left_middle_3.BMP  (50 minutiae)
  [2457/2985] 84__M_Left_ring  <-  84__M_Left_ring_1.BMP  (50 minutiae)
  [2458/2985] 84__M_Left_ring  <-  84__M_Left_ring_2.BMP  (50 minutiae)
  [2459/2985] 84__M_Left_ring  <-  84__M_Left_ring_3.BMP  (50 minutiae)
  [2460/2985] 84__M_Left_thumb  <-  84__M_Left_thumb_1.BMP  (50 minutiae)
  [2461/2985] 84__M_Left_thumb  <-  84__M_Left_thumb_2.BMP  (50 minutiae)
  [2462/2985] 84__M_Left_thumb  <-  84__M_Left_thumb_3.BMP  (50 minutiae)
  [2463/2985] 84__M_Right_index  <-  84__M_Right_index_1.BMP  (50 minutiae)
  [2464/2985] 84__M_Right_index  <-  84__M_Right_index_2.BMP  (50 minutiae)
  [2465/2985] 84__M_Right_index  <-  84__M_Right_index_3.BMP  (50 minutiae)
  [2466/2985] 84__M_Right_little  <-  84__M_Right_little_1.BMP  (50 minutiae)
  [2467/2985] 84__M_Right_little  <-  84__M_Right_little_2.BMP  (50 minutiae)
  [2468/2985] 84__M_Right_little  <-  84__M_Right_little_3.BMP  (50 minutiae)
  [2469/2985] 84__M_Right_middle  <-  84__M_Right_middle_1.BMP  (50 minutiae)
  [2470/2985] 84__M_Right_middle  <-  84__M_Right_middle_2.BMP  (50 minutiae)
  [2471/2985] 84__M_Right_middle  <-  84__M_Right_middle_3.BMP  (50 minutiae)
  [2472/2985] 84__M_Right_ring  <-  84__M_Right_ring_1.BMP  (50 minutiae)
  [2473/2985] 84__M_Right_ring  <-  84__M_Right_ring_2.BMP  (50 minutiae)
  [2474/2985] 84__M_Right_ring  <-  84__M_Right_ring_3.BMP  (50 minutiae)
  [2475/2985] 84__M_Right_thumb  <-  84__M_Right_thumb_1.BMP  (50 minutiae)
  [2476/2985] 84__M_Right_thumb  <-  84__M_Right_thumb_2.BMP  (50 minutiae)
  [2477/2985] 84__M_Right_thumb  <-  84__M_Right_thumb_3.BMP  (50 minutiae)
  [2478/2985] 85__M_Left_index  <-  85__M_Left_index_1.BMP  (50 minutiae)
  [2479/2985] 85__M_Left_index  <-  85__M_Left_index_2.BMP  (50 minutiae)
  [2480/2985] 85__M_Left_index  <-  85__M_Left_index_3.BMP  (50 minutiae)
  [2481/2985] 85__M_Left_little  <-  85__M_Left_little_1.BMP  (50 minutiae)
  [2482/2985] 85__M_Left_little  <-  85__M_Left_little_2.BMP  (50 minutiae)
  [2483/2985] 85__M_Left_little  <-  85__M_Left_little_3.BMP  (50 minutiae)
  [2484/2985] 85__M_Left_middle  <-  85__M_Left_middle_1.BMP  (50 minutiae)
  [2485/2985] 85__M_Left_middle  <-  85__M_Left_middle_2.BMP  (50 minutiae)
  [2486/2985] 85__M_Left_middle  <-  85__M_Left_middle_3.BMP  (50 minutiae)
  [2487/2985] 85__M_Left_ring  <-  85__M_Left_ring_1.BMP  (50 minutiae)
  [2488/2985] 85__M_Left_ring  <-  85__M_Left_ring_2.BMP  (50 minutiae)
  [2489/2985] 85__M_Left_ring  <-  85__M_Left_ring_3.BMP  (50 minutiae)
  [2490/2985] 85__M_Left_thumb  <-  85__M_Left_thumb_1.BMP  (50 minutiae)
  [2491/2985] 85__M_Left_thumb  <-  85__M_Left_thumb_2.BMP  (50 minutiae)
  [2492/2985] 85__M_Left_thumb  <-  85__M_Left_thumb_3.BMP  (50 minutiae)
  [2493/2985] 85__M_Right_index  <-  85__M_Right_index_1.BMP  (50 minutiae)
  [2494/2985] 85__M_Right_index  <-  85__M_Right_index_2.BMP  (50 minutiae)
  [2495/2985] 85__M_Right_index  <-  85__M_Right_index_3.BMP  (50 minutiae)
  [2496/2985] 85__M_Right_little  <-  85__M_Right_little_1.BMP  (50 minutiae)
  [2497/2985] 85__M_Right_little  <-  85__M_Right_little_2.BMP  (50 minutiae)
  [2498/2985] 85__M_Right_little  <-  85__M_Right_little_3.BMP  (50 minutiae)
  [2499/2985] 85__M_Right_middle  <-  85__M_Right_middle_1.BMP  (50 minutiae)
  [2500/2985] 85__M_Right_middle  <-  85__M_Right_middle_2.BMP  (50 minutiae)
  [2501/2985] 85__M_Right_middle  <-  85__M_Right_middle_3.BMP  (50 minutiae)
  [2502/2985] 85__M_Right_ring  <-  85__M_Right_ring_1.BMP  (50 minutiae)
  [2503/2985] 85__M_Right_ring  <-  85__M_Right_ring_2.BMP  (50 minutiae)
  [2504/2985] 85__M_Right_ring  <-  85__M_Right_ring_3.BMP  (50 minutiae)
  [2505/2985] 85__M_Right_thumb  <-  85__M_Right_thumb_1.BMP  (50 minutiae)
  [2506/2985] 85__M_Right_thumb  <-  85__M_Right_thumb_2.BMP  (50 minutiae)
  [2507/2985] 85__M_Right_thumb  <-  85__M_Right_thumb_3.BMP  (50 minutiae)
  [2508/2985] 86__M_Left_index  <-  86__M_Left_index_1.BMP  (50 minutiae)
  [2509/2985] 86__M_Left_index  <-  86__M_Left_index_2.BMP  (50 minutiae)
  [2510/2985] 86__M_Left_index  <-  86__M_Left_index_3.BMP  (50 minutiae)
  [2511/2985] 86__M_Left_little  <-  86__M_Left_little_1.BMP  (50 minutiae)
  [2512/2985] 86__M_Left_little  <-  86__M_Left_little_2.BMP  (50 minutiae)
  [2513/2985] 86__M_Left_little  <-  86__M_Left_little_3.BMP  (50 minutiae)
  [2514/2985] 86__M_Left_middle  <-  86__M_Left_middle_1.BMP  (50 minutiae)
  [2515/2985] 86__M_Left_middle  <-  86__M_Left_middle_2.BMP  (50 minutiae)
  [2516/2985] 86__M_Left_middle  <-  86__M_Left_middle_3.BMP  (50 minutiae)
  [2517/2985] 86__M_Left_ring  <-  86__M_Left_ring_1.BMP  (50 minutiae)
  [2518/2985] 86__M_Left_ring  <-  86__M_Left_ring_2.BMP  (50 minutiae)
  [2519/2985] 86__M_Left_ring  <-  86__M_Left_ring_3.BMP  (50 minutiae)
  [2520/2985] 86__M_Left_thumb  <-  86__M_Left_thumb_1.BMP  (50 minutiae)
  [2521/2985] 86__M_Left_thumb  <-  86__M_Left_thumb_2.BMP  (50 minutiae)
  [2522/2985] 86__M_Left_thumb  <-  86__M_Left_thumb_3.BMP  (50 minutiae)
  [2523/2985] 86__M_Right_index  <-  86__M_Right_index_1.BMP  (50 minutiae)
  [2524/2985] 86__M_Right_index  <-  86__M_Right_index_2.BMP  (50 minutiae)
  [2525/2985] 86__M_Right_index  <-  86__M_Right_index_3.BMP  (50 minutiae)
  [2526/2985] 86__M_Right_little  <-  86__M_Right_little_1.BMP  (50 minutiae)
  [2527/2985] 86__M_Right_little  <-  86__M_Right_little_2.BMP  (50 minutiae)
  [2528/2985] 86__M_Right_little  <-  86__M_Right_little_3.BMP  (50 minutiae)
  [2529/2985] 86__M_Right_middle  <-  86__M_Right_middle_1.BMP  (50 minutiae)
  [2530/2985] 86__M_Right_middle  <-  86__M_Right_middle_2.BMP  (50 minutiae)
  [2531/2985] 86__M_Right_middle  <-  86__M_Right_middle_3.BMP  (50 minutiae)
  [2532/2985] 86__M_Right_ring  <-  86__M_Right_ring_1.BMP  (50 minutiae)
  [2533/2985] 86__M_Right_ring  <-  86__M_Right_ring_2.BMP  (50 minutiae)
  [2534/2985] 86__M_Right_ring  <-  86__M_Right_ring_3.BMP  (50 minutiae)
  [2535/2985] 86__M_Right_thumb  <-  86__M_Right_thumb_1.BMP  (50 minutiae)
  [2536/2985] 86__M_Right_thumb  <-  86__M_Right_thumb_2.BMP  (50 minutiae)
  [2537/2985] 86__M_Right_thumb  <-  86__M_Right_thumb_3.BMP  (50 minutiae)
  [2538/2985] 87__M_Left_index  <-  87__M_Left_index_1.BMP  (50 minutiae)
  [2539/2985] 87__M_Left_index  <-  87__M_Left_index_2.BMP  (50 minutiae)
  [2540/2985] 87__M_Left_index  <-  87__M_Left_index_3.BMP  (50 minutiae)
  [2541/2985] 87__M_Left_little  <-  87__M_Left_little_1.BMP  (50 minutiae)
  [2542/2985] 87__M_Left_little  <-  87__M_Left_little_2.BMP  (50 minutiae)
  [2543/2985] 87__M_Left_little  <-  87__M_Left_little_3.BMP  (50 minutiae)
  [2544/2985] 87__M_Left_middle  <-  87__M_Left_middle_1.BMP  (50 minutiae)
  [2545/2985] 87__M_Left_middle  <-  87__M_Left_middle_2.BMP  (50 minutiae)
  [2546/2985] 87__M_Left_middle  <-  87__M_Left_middle_3.BMP  (50 minutiae)
  [2547/2985] 87__M_Left_ring  <-  87__M_Left_ring_1.BMP  (50 minutiae)
  [2548/2985] 87__M_Left_ring  <-  87__M_Left_ring_2.BMP  (50 minutiae)
  [2549/2985] 87__M_Left_ring  <-  87__M_Left_ring_3.BMP  (50 minutiae)
  [2550/2985] 87__M_Left_thumb  <-  87__M_Left_thumb_1.BMP  (50 minutiae)
  [2551/2985] 87__M_Left_thumb  <-  87__M_Left_thumb_2.BMP  (50 minutiae)
  [2552/2985] 87__M_Left_thumb  <-  87__M_Left_thumb_3.BMP  (50 minutiae)
  [2553/2985] 87__M_Right_index  <-  87__M_Right_index_1.BMP  (50 minutiae)
  [2554/2985] 87__M_Right_index  <-  87__M_Right_index_2.BMP  (50 minutiae)
  [2555/2985] 87__M_Right_index  <-  87__M_Right_index_3.BMP  (50 minutiae)
  [2556/2985] 87__M_Right_little  <-  87__M_Right_little_1.BMP  (50 minutiae)
  [2557/2985] 87__M_Right_little  <-  87__M_Right_little_2.BMP  (50 minutiae)
  [2558/2985] 87__M_Right_little  <-  87__M_Right_little_3.BMP  (50 minutiae)
  [2559/2985] 87__M_Right_middle  <-  87__M_Right_middle_1.BMP  (50 minutiae)
  [2560/2985] 87__M_Right_middle  <-  87__M_Right_middle_2.BMP  (50 minutiae)
  [2561/2985] 87__M_Right_middle  <-  87__M_Right_middle_3.BMP  (50 minutiae)
  [2562/2985] 87__M_Right_ring  <-  87__M_Right_ring_1.BMP  (50 minutiae)
  [2563/2985] 87__M_Right_ring  <-  87__M_Right_ring_2.BMP  (50 minutiae)
  [2564/2985] 87__M_Right_ring  <-  87__M_Right_ring_3.BMP  (50 minutiae)
  [2565/2985] 87__M_Right_thumb  <-  87__M_Right_thumb_1.BMP  (50 minutiae)
  [2566/2985] 87__M_Right_thumb  <-  87__M_Right_thumb_2.BMP  (50 minutiae)
  [2567/2985] 87__M_Right_thumb  <-  87__M_Right_thumb_3.BMP  (50 minutiae)
  [2568/2985] 88__F_Left_index  <-  88__F_Left_index_1.BMP  (50 minutiae)
  [2569/2985] 88__F_Left_index  <-  88__F_Left_index_2.BMP  (50 minutiae)
  [2570/2985] 88__F_Left_index  <-  88__F_Left_index_3.BMP  (50 minutiae)
  [2571/2985] 88__F_Left_little  <-  88__F_Left_little_1.BMP  (50 minutiae)
  [2572/2985] 88__F_Left_little  <-  88__F_Left_little_2.BMP  (50 minutiae)
  [2573/2985] 88__F_Left_little  <-  88__F_Left_little_3.BMP  (50 minutiae)
  [2574/2985] 88__F_Left_middle  <-  88__F_Left_middle_1.BMP  (50 minutiae)
  [2575/2985] 88__F_Left_middle  <-  88__F_Left_middle_2.BMP  (50 minutiae)
  [2576/2985] 88__F_Left_middle  <-  88__F_Left_middle_3.BMP  (50 minutiae)
  [2577/2985] 88__F_Left_ring  <-  88__F_Left_ring_1.BMP  (50 minutiae)
  [2578/2985] 88__F_Left_ring  <-  88__F_Left_ring_2.BMP  (50 minutiae)
  [2579/2985] 88__F_Left_ring  <-  88__F_Left_ring_3.BMP  (50 minutiae)
  [2580/2985] 88__F_Left_thumb  <-  88__F_Left_thumb_1.BMP  (50 minutiae)
  [2581/2985] 88__F_Left_thumb  <-  88__F_Left_thumb_2.BMP  (50 minutiae)
  [2582/2985] 88__F_Left_thumb  <-  88__F_Left_thumb_3.BMP  (50 minutiae)
  [2583/2985] 88__F_Right_index  <-  88__F_Right_index_1.BMP  (50 minutiae)
  [2584/2985] 88__F_Right_index  <-  88__F_Right_index_2.BMP  (50 minutiae)
  [2585/2985] 88__F_Right_index  <-  88__F_Right_index_3.BMP  (50 minutiae)
  [2586/2985] 88__F_Right_little  <-  88__F_Right_little_1.BMP  (50 minutiae)
  [2587/2985] 88__F_Right_little  <-  88__F_Right_little_2.BMP  (50 minutiae)
  [2588/2985] 88__F_Right_little  <-  88__F_Right_little_3.BMP  (50 minutiae)
  [2589/2985] 88__F_Right_middle  <-  88__F_Right_middle_1.BMP  (50 minutiae)
  [2590/2985] 88__F_Right_middle  <-  88__F_Right_middle_2.BMP  (50 minutiae)
  [2591/2985] 88__F_Right_middle  <-  88__F_Right_middle_3.BMP  (50 minutiae)
  [2592/2985] 88__F_Right_ring  <-  88__F_Right_ring_1.BMP  (50 minutiae)
  [2593/2985] 88__F_Right_ring  <-  88__F_Right_ring_2.BMP  (50 minutiae)
  [2594/2985] 88__F_Right_ring  <-  88__F_Right_ring_3.BMP  (50 minutiae)
  [2595/2985] 88__F_Right_thumb  <-  88__F_Right_thumb_1.BMP  (50 minutiae)
  [2596/2985] 88__F_Right_thumb  <-  88__F_Right_thumb_2.BMP  (50 minutiae)
  [2597/2985] 88__F_Right_thumb  <-  88__F_Right_thumb_3.BMP  (50 minutiae)
  [2598/2985] 89__M_Left_index  <-  89__M_Left_index_1.BMP  (50 minutiae)
  [2599/2985] 89__M_Left_index  <-  89__M_Left_index_2.BMP  (50 minutiae)
  [2600/2985] 89__M_Left_index  <-  89__M_Left_index_3.BMP  (50 minutiae)
  [2601/2985] 89__M_Left_little  <-  89__M_Left_little_1.BMP  (50 minutiae)
  [2602/2985] 89__M_Left_little  <-  89__M_Left_little_2.BMP  (50 minutiae)
  [2603/2985] 89__M_Left_little  <-  89__M_Left_little_3.BMP  (50 minutiae)
  [2604/2985] 89__M_Left_middle  <-  89__M_Left_middle_1.BMP  (50 minutiae)
  [2605/2985] 89__M_Left_middle  <-  89__M_Left_middle_2.BMP  (50 minutiae)
  [2606/2985] 89__M_Left_middle  <-  89__M_Left_middle_3.BMP  (50 minutiae)
  [2607/2985] 89__M_Left_ring  <-  89__M_Left_ring_1.BMP  (50 minutiae)
  [2608/2985] 89__M_Left_ring  <-  89__M_Left_ring_2.BMP  (50 minutiae)
  [2609/2985] 89__M_Left_ring  <-  89__M_Left_ring_3.BMP  (50 minutiae)
  [2610/2985] 89__M_Left_thumb  <-  89__M_Left_thumb_1.BMP  (50 minutiae)
  [2611/2985] 89__M_Left_thumb  <-  89__M_Left_thumb_2.BMP  (50 minutiae)
  [2612/2985] 89__M_Left_thumb  <-  89__M_Left_thumb_3.BMP  (50 minutiae)
  [2613/2985] 89__M_Right_index  <-  89__M_Right_index_1.BMP  (50 minutiae)
  [2614/2985] 89__M_Right_index  <-  89__M_Right_index_2.BMP  (50 minutiae)
  [2615/2985] 89__M_Right_index  <-  89__M_Right_index_3.BMP  (50 minutiae)
  [2616/2985] 89__M_Right_little  <-  89__M_Right_little_1.BMP  (50 minutiae)
  [2617/2985] 89__M_Right_little  <-  89__M_Right_little_2.BMP  (50 minutiae)
  [2618/2985] 89__M_Right_little  <-  89__M_Right_little_3.BMP  (50 minutiae)
  [2619/2985] 89__M_Right_middle  <-  89__M_Right_middle_1.BMP  (50 minutiae)
  [2620/2985] 89__M_Right_middle  <-  89__M_Right_middle_2.BMP  (50 minutiae)
  [2621/2985] 89__M_Right_middle  <-  89__M_Right_middle_3.BMP  (50 minutiae)
  [2622/2985] 89__M_Right_ring  <-  89__M_Right_ring_1.BMP  (50 minutiae)
  [2623/2985] 89__M_Right_ring  <-  89__M_Right_ring_2.BMP  (50 minutiae)
  [2624/2985] 89__M_Right_ring  <-  89__M_Right_ring_3.BMP  (50 minutiae)
  [2625/2985] 89__M_Right_thumb  <-  89__M_Right_thumb_1.BMP  (50 minutiae)
  [2626/2985] 89__M_Right_thumb  <-  89__M_Right_thumb_2.BMP  (50 minutiae)
  [2627/2985] 89__M_Right_thumb  <-  89__M_Right_thumb_3.BMP  (50 minutiae)
  [2628/2985] 8__M_Left_index  <-  8__M_Left_index_1.BMP  (50 minutiae)
  [2629/2985] 8__M_Left_index  <-  8__M_Left_index_2.BMP  (50 minutiae)
  [2630/2985] 8__M_Left_index  <-  8__M_Left_index_3.BMP  (50 minutiae)
  [2631/2985] 8__M_Left_little  <-  8__M_Left_little_1.BMP  (50 minutiae)
  [2632/2985] 8__M_Left_little  <-  8__M_Left_little_2.BMP  (50 minutiae)
  [2633/2985] 8__M_Left_little  <-  8__M_Left_little_3.BMP  (50 minutiae)
  [2634/2985] 8__M_Left_middle  <-  8__M_Left_middle_1.BMP  (50 minutiae)
  [2635/2985] 8__M_Left_middle  <-  8__M_Left_middle_2.BMP  (50 minutiae)
  [2636/2985] 8__M_Left_middle  <-  8__M_Left_middle_3.BMP  (50 minutiae)
  [2637/2985] 8__M_Left_ring  <-  8__M_Left_ring_1.BMP  (50 minutiae)
  [2638/2985] 8__M_Left_ring  <-  8__M_Left_ring_2.BMP  (50 minutiae)
  [2639/2985] 8__M_Left_ring  <-  8__M_Left_ring_3.BMP  (50 minutiae)
  [2640/2985] 8__M_Left_thumb  <-  8__M_Left_thumb_1.BMP  (50 minutiae)
  [2641/2985] 8__M_Left_thumb  <-  8__M_Left_thumb_2.BMP  (50 minutiae)
  [2642/2985] 8__M_Left_thumb  <-  8__M_Left_thumb_3.BMP  (50 minutiae)
  [2643/2985] 8__M_Right_index  <-  8__M_Right_index_1.BMP  (50 minutiae)
  [2644/2985] 8__M_Right_index  <-  8__M_Right_index_2.BMP  (50 minutiae)
  [2645/2985] 8__M_Right_index  <-  8__M_Right_index_3.BMP  (50 minutiae)
  [2646/2985] 8__M_Right_little  <-  8__M_Right_little_1.BMP  (50 minutiae)
  [2647/2985] 8__M_Right_little  <-  8__M_Right_little_2.BMP  (50 minutiae)
  [2648/2985] 8__M_Right_little  <-  8__M_Right_little_3.BMP  (50 minutiae)
  [2649/2985] 8__M_Right_middle  <-  8__M_Right_middle_1.BMP  (50 minutiae)
  [2650/2985] 8__M_Right_middle  <-  8__M_Right_middle_2.BMP  (50 minutiae)
  [2651/2985] 8__M_Right_middle  <-  8__M_Right_middle_3.BMP  (50 minutiae)
  [2652/2985] 8__M_Right_ring  <-  8__M_Right_ring_1.BMP  (50 minutiae)
  [2653/2985] 8__M_Right_ring  <-  8__M_Right_ring_2.BMP  (50 minutiae)
  [2654/2985] 8__M_Right_ring  <-  8__M_Right_ring_3.BMP  (50 minutiae)
  [2655/2985] 8__M_Right_thumb  <-  8__M_Right_thumb_1.BMP  (50 minutiae)
  [2656/2985] 8__M_Right_thumb  <-  8__M_Right_thumb_2.BMP  (50 minutiae)
  [2657/2985] 8__M_Right_thumb  <-  8__M_Right_thumb_3.BMP  (50 minutiae)
  [2658/2985] 90__M_Left_index  <-  90__M_Left_index_1.BMP  (50 minutiae)
  [2659/2985] 90__M_Left_index  <-  90__M_Left_index_2.BMP  (50 minutiae)
  [2660/2985] 90__M_Left_index  <-  90__M_Left_index_3.BMP  (50 minutiae)
  [2661/2985] 90__M_Left_little  <-  90__M_Left_little_1.BMP  (50 minutiae)
  [2662/2985] 90__M_Left_little  <-  90__M_Left_little_2.BMP  (50 minutiae)
  [2663/2985] 90__M_Left_little  <-  90__M_Left_little_3.BMP  (50 minutiae)
  [2664/2985] 90__M_Left_middle  <-  90__M_Left_middle_1.BMP  (50 minutiae)
  [2665/2985] 90__M_Left_middle  <-  90__M_Left_middle_2.BMP  (50 minutiae)
  [2666/2985] 90__M_Left_middle  <-  90__M_Left_middle_3.BMP  (50 minutiae)
  [2667/2985] 90__M_Left_ring  <-  90__M_Left_ring_1.BMP  (50 minutiae)
  [2668/2985] 90__M_Left_ring  <-  90__M_Left_ring_2.BMP  (50 minutiae)
  [2669/2985] 90__M_Left_ring  <-  90__M_Left_ring_3.BMP  (50 minutiae)
  [2670/2985] 90__M_Left_thumb  <-  90__M_Left_thumb_1.BMP  (50 minutiae)
  [2671/2985] 90__M_Left_thumb  <-  90__M_Left_thumb_2.BMP  (50 minutiae)
  [2672/2985] 90__M_Left_thumb  <-  90__M_Left_thumb_3.BMP  (50 minutiae)
  [2673/2985] 90__M_Right_index  <-  90__M_Right_index_1.BMP  (50 minutiae)
  [2674/2985] 90__M_Right_index  <-  90__M_Right_index_2.BMP  (50 minutiae)
  [2675/2985] 90__M_Right_index  <-  90__M_Right_index_3.BMP  (50 minutiae)
  [2676/2985] 90__M_Right_little  <-  90__M_Right_little_1.BMP  (50 minutiae)
  [2677/2985] 90__M_Right_little  <-  90__M_Right_little_2.BMP  (50 minutiae)
  [2678/2985] 90__M_Right_little  <-  90__M_Right_little_3.BMP  (50 minutiae)
  [2679/2985] 90__M_Right_middle  <-  90__M_Right_middle_1.BMP  (50 minutiae)
  [2680/2985] 90__M_Right_middle  <-  90__M_Right_middle_2.BMP  (50 minutiae)
  [2681/2985] 90__M_Right_middle  <-  90__M_Right_middle_3.BMP  (50 minutiae)
  [2682/2985] 90__M_Right_ring  <-  90__M_Right_ring_1.BMP  (50 minutiae)
  [2683/2985] 90__M_Right_ring  <-  90__M_Right_ring_2.BMP  (50 minutiae)
  [2684/2985] 90__M_Right_ring  <-  90__M_Right_ring_3.BMP  (50 minutiae)
  [2685/2985] 90__M_Right_thumb  <-  90__M_Right_thumb_1.BMP  (50 minutiae)
  [2686/2985] 90__M_Right_thumb  <-  90__M_Right_thumb_2.BMP  (50 minutiae)
  [2687/2985] 90__M_Right_thumb  <-  90__M_Right_thumb_3.BMP  (50 minutiae)
  [2688/2985] 91__F_Left_index  <-  91__F_Left_index_1.BMP  (50 minutiae)
  [2689/2985] 91__F_Left_index  <-  91__F_Left_index_2.BMP  (50 minutiae)
  [2690/2985] 91__F_Left_index  <-  91__F_Left_index_3.BMP  (50 minutiae)
  [2691/2985] 91__F_Left_little  <-  91__F_Left_little_1.BMP  (50 minutiae)
  [2692/2985] 91__F_Left_little  <-  91__F_Left_little_2.BMP  (50 minutiae)
  [2693/2985] 91__F_Left_little  <-  91__F_Left_little_3.BMP  (50 minutiae)
  [2694/2985] 91__F_Left_middle  <-  91__F_Left_middle_1.BMP  (50 minutiae)
  [2695/2985] 91__F_Left_middle  <-  91__F_Left_middle_2.BMP  (50 minutiae)
  [2696/2985] 91__F_Left_middle  <-  91__F_Left_middle_3.BMP  (50 minutiae)
  [2697/2985] 91__F_Left_ring  <-  91__F_Left_ring_1.BMP  (50 minutiae)
  [2698/2985] 91__F_Left_ring  <-  91__F_Left_ring_2.BMP  (50 minutiae)
  [2699/2985] 91__F_Left_ring  <-  91__F_Left_ring_3.BMP  (50 minutiae)
  [2700/2985] 91__F_Left_thumb  <-  91__F_Left_thumb_1.BMP  (50 minutiae)
  [2701/2985] 91__F_Left_thumb  <-  91__F_Left_thumb_2.BMP  (50 minutiae)
  [2702/2985] 91__F_Left_thumb  <-  91__F_Left_thumb_3.BMP  (50 minutiae)
  [2703/2985] 91__F_Right_index  <-  91__F_Right_index_1.BMP  (50 minutiae)
  [2704/2985] 91__F_Right_index  <-  91__F_Right_index_2.BMP  (50 minutiae)
  [2705/2985] 91__F_Right_index  <-  91__F_Right_index_3.BMP  (50 minutiae)
  [2706/2985] 91__F_Right_little  <-  91__F_Right_little_1.BMP  (50 minutiae)
  [2707/2985] 91__F_Right_little  <-  91__F_Right_little_2.BMP  (50 minutiae)
  [2708/2985] 91__F_Right_little  <-  91__F_Right_little_3.BMP  (50 minutiae)
  [2709/2985] 91__F_Right_middle  <-  91__F_Right_middle_1.BMP  (50 minutiae)
  [2710/2985] 91__F_Right_middle  <-  91__F_Right_middle_2.BMP  (50 minutiae)
  [2711/2985] 91__F_Right_middle  <-  91__F_Right_middle_3.BMP  (50 minutiae)
  [2712/2985] 91__F_Right_ring  <-  91__F_Right_ring_1.BMP  (50 minutiae)
  [2713/2985] 91__F_Right_ring  <-  91__F_Right_ring_2.BMP  (50 minutiae)
  [2714/2985] 91__F_Right_ring  <-  91__F_Right_ring_3.BMP  (50 minutiae)
  [2715/2985] 91__F_Right_thumb  <-  91__F_Right_thumb_1.BMP  (50 minutiae)
  [2716/2985] 91__F_Right_thumb  <-  91__F_Right_thumb_2.BMP  (50 minutiae)
  [2717/2985] 91__F_Right_thumb  <-  91__F_Right_thumb_3.BMP  (50 minutiae)
  [2718/2985] 92__F_Left_index  <-  92__F_Left_index_1.BMP  (50 minutiae)
  [2719/2985] 92__F_Left_index  <-  92__F_Left_index_2.BMP  (50 minutiae)
  [2720/2985] 92__F_Left_index  <-  92__F_Left_index_3.BMP  (50 minutiae)
  [2721/2985] 92__F_Left_little  <-  92__F_Left_little_1.BMP  (50 minutiae)
  [2722/2985] 92__F_Left_little  <-  92__F_Left_little_2.BMP  (50 minutiae)
  [2723/2985] 92__F_Left_little  <-  92__F_Left_little_3.BMP  (50 minutiae)
  [2724/2985] 92__F_Left_middle  <-  92__F_Left_middle_1.BMP  (50 minutiae)
  [2725/2985] 92__F_Left_middle  <-  92__F_Left_middle_2.BMP  (50 minutiae)
  [2726/2985] 92__F_Left_middle  <-  92__F_Left_middle_3.BMP  (50 minutiae)
  [2727/2985] 92__F_Left_ring  <-  92__F_Left_ring_1.BMP  (50 minutiae)
  [2728/2985] 92__F_Left_ring  <-  92__F_Left_ring_2.BMP  (50 minutiae)
  [2729/2985] 92__F_Left_ring  <-  92__F_Left_ring_3.BMP  (50 minutiae)
  [2730/2985] 92__F_Left_thumb  <-  92__F_Left_thumb_1.BMP  (50 minutiae)
  [2731/2985] 92__F_Left_thumb  <-  92__F_Left_thumb_2.BMP  (50 minutiae)
  [2732/2985] 92__F_Left_thumb  <-  92__F_Left_thumb_3.BMP  (50 minutiae)
  [2733/2985] 92__F_Right_index  <-  92__F_Right_index_1.BMP  (50 minutiae)
  [2734/2985] 92__F_Right_index  <-  92__F_Right_index_2.BMP  (50 minutiae)
  [2735/2985] 92__F_Right_index  <-  92__F_Right_index_3.BMP  (50 minutiae)
  [2736/2985] 92__F_Right_little  <-  92__F_Right_little_1.BMP  (50 minutiae)
  [2737/2985] 92__F_Right_little  <-  92__F_Right_little_2.BMP  (50 minutiae)
  [2738/2985] 92__F_Right_little  <-  92__F_Right_little_3.BMP  (50 minutiae)
  [2739/2985] 92__F_Right_middle  <-  92__F_Right_middle_1.BMP  (50 minutiae)
  [2740/2985] 92__F_Right_middle  <-  92__F_Right_middle_2.BMP  (50 minutiae)
  [2741/2985] 92__F_Right_middle  <-  92__F_Right_middle_3.BMP  (50 minutiae)
  [2742/2985] 92__F_Right_ring  <-  92__F_Right_ring_1.BMP  (50 minutiae)
  [2743/2985] 92__F_Right_ring  <-  92__F_Right_ring_2.BMP  (50 minutiae)
  [2744/2985] 92__F_Right_ring  <-  92__F_Right_ring_3.BMP  (50 minutiae)
  [2745/2985] 92__F_Right_thumb  <-  92__F_Right_thumb_1.BMP  (50 minutiae)
  [2746/2985] 92__F_Right_thumb  <-  92__F_Right_thumb_2.BMP  (50 minutiae)
  [2747/2985] 92__F_Right_thumb  <-  92__F_Right_thumb_3.BMP  (50 minutiae)
  [2748/2985] 93__M_Left_index  <-  93__M_Left_index_1.BMP  (50 minutiae)
  [2749/2985] 93__M_Left_index  <-  93__M_Left_index_2.BMP  (50 minutiae)
  [2750/2985] 93__M_Left_index  <-  93__M_Left_index_3.BMP  (50 minutiae)
  [2751/2985] 93__M_Left_little  <-  93__M_Left_little_1.BMP  (50 minutiae)
  [2752/2985] 93__M_Left_little  <-  93__M_Left_little_2.BMP  (50 minutiae)
  [2753/2985] 93__M_Left_little  <-  93__M_Left_little_3.BMP  (50 minutiae)
  [2754/2985] 93__M_Left_middle  <-  93__M_Left_middle_1.BMP  (50 minutiae)
  [2755/2985] 93__M_Left_middle  <-  93__M_Left_middle_2.BMP  (50 minutiae)
  [2756/2985] 93__M_Left_middle  <-  93__M_Left_middle_3.BMP  (50 minutiae)
  [2757/2985] 93__M_Left_ring  <-  93__M_Left_ring_1.BMP  (50 minutiae)
  [2758/2985] 93__M_Left_ring  <-  93__M_Left_ring_2.BMP  (50 minutiae)
  [2759/2985] 93__M_Left_ring  <-  93__M_Left_ring_3.BMP  (50 minutiae)
  [2760/2985] 93__M_Left_thumb  <-  93__M_Left_thumb_1.BMP  (50 minutiae)
  [2761/2985] 93__M_Left_thumb  <-  93__M_Left_thumb_2.BMP  (50 minutiae)
  [2762/2985] 93__M_Left_thumb  <-  93__M_Left_thumb_3.BMP  (50 minutiae)
  [2763/2985] 93__M_Right_index  <-  93__M_Right_index_1.BMP  (50 minutiae)
  [2764/2985] 93__M_Right_index  <-  93__M_Right_index_2.BMP  (50 minutiae)
  [2765/2985] 93__M_Right_index  <-  93__M_Right_index_3.BMP  (50 minutiae)
  [2766/2985] 93__M_Right_little  <-  93__M_Right_little_1.BMP  (50 minutiae)
  [2767/2985] 93__M_Right_little  <-  93__M_Right_little_2.BMP  (50 minutiae)
  [2768/2985] 93__M_Right_little  <-  93__M_Right_little_3.BMP  (50 minutiae)
  [2769/2985] 93__M_Right_middle  <-  93__M_Right_middle_1.BMP  (50 minutiae)
  [2770/2985] 93__M_Right_middle  <-  93__M_Right_middle_2.BMP  (50 minutiae)
  [2771/2985] 93__M_Right_middle  <-  93__M_Right_middle_3.BMP  (50 minutiae)
  [2772/2985] 93__M_Right_ring  <-  93__M_Right_ring_1.BMP  (50 minutiae)
  [2773/2985] 93__M_Right_ring  <-  93__M_Right_ring_2.BMP  (50 minutiae)
  [2774/2985] 93__M_Right_ring  <-  93__M_Right_ring_3.BMP  (50 minutiae)
  [2775/2985] 93__M_Right_thumb  <-  93__M_Right_thumb_1.BMP  (50 minutiae)
  [2776/2985] 93__M_Right_thumb  <-  93__M_Right_thumb_2.BMP  (50 minutiae)
  [2777/2985] 93__M_Right_thumb  <-  93__M_Right_thumb_3.BMP  (50 minutiae)
  [2778/2985] 94__M_Left_index  <-  94__M_Left_index_1.BMP  (50 minutiae)
  [2779/2985] 94__M_Left_index  <-  94__M_Left_index_2.BMP  (50 minutiae)
  [2780/2985] 94__M_Left_index  <-  94__M_Left_index_3.BMP  (50 minutiae)
  [2781/2985] 94__M_Left_little  <-  94__M_Left_little_1.BMP  (50 minutiae)
  [2782/2985] 94__M_Left_little  <-  94__M_Left_little_2.BMP  (50 minutiae)
  [2783/2985] 94__M_Left_little  <-  94__M_Left_little_3.BMP  (50 minutiae)
  [2784/2985] 94__M_Left_middle  <-  94__M_Left_middle_1.BMP  (50 minutiae)
  [2785/2985] 94__M_Left_middle  <-  94__M_Left_middle_2.BMP  (50 minutiae)
  [2786/2985] 94__M_Left_middle  <-  94__M_Left_middle_3.BMP  (50 minutiae)
  [2787/2985] 94__M_Left_ring  <-  94__M_Left_ring_1.BMP  (50 minutiae)
  [2788/2985] 94__M_Left_ring  <-  94__M_Left_ring_2.BMP  (50 minutiae)
  [2789/2985] 94__M_Left_ring  <-  94__M_Left_ring_3.BMP  (50 minutiae)
  [2790/2985] 94__M_Left_thumb  <-  94__M_Left_thumb_1.BMP  (50 minutiae)
  [2791/2985] 94__M_Left_thumb  <-  94__M_Left_thumb_2.BMP  (50 minutiae)
  [2792/2985] 94__M_Left_thumb  <-  94__M_Left_thumb_3.BMP  (50 minutiae)
  [2793/2985] 94__M_Right_index  <-  94__M_Right_index_1.BMP  (50 minutiae)
  [2794/2985] 94__M_Right_index  <-  94__M_Right_index_2.BMP  (50 minutiae)
  [2795/2985] 94__M_Right_index  <-  94__M_Right_index_3.BMP  (50 minutiae)
  [2796/2985] 94__M_Right_little  <-  94__M_Right_little_1.BMP  (50 minutiae)
  [2797/2985] 94__M_Right_little  <-  94__M_Right_little_2.BMP  (50 minutiae)
  [2798/2985] 94__M_Right_little  <-  94__M_Right_little_3.BMP  (50 minutiae)
  [2799/2985] 94__M_Right_middle  <-  94__M_Right_middle_1.BMP  (50 minutiae)
  [2800/2985] 94__M_Right_middle  <-  94__M_Right_middle_2.BMP  (50 minutiae)
  [2801/2985] 94__M_Right_middle  <-  94__M_Right_middle_3.BMP  (50 minutiae)
  [2802/2985] 94__M_Right_ring  <-  94__M_Right_ring_1.BMP  (50 minutiae)
  [2803/2985] 94__M_Right_ring  <-  94__M_Right_ring_2.BMP  (50 minutiae)
  [2804/2985] 94__M_Right_ring  <-  94__M_Right_ring_3.BMP  (50 minutiae)
  [2805/2985] 94__M_Right_thumb  <-  94__M_Right_thumb_1.BMP  (50 minutiae)
  [2806/2985] 95__M_Left_index  <-  95__M_Left_index_1.BMP  (50 minutiae)
  [2807/2985] 95__M_Left_index  <-  95__M_Left_index_2.BMP  (50 minutiae)
  [2808/2985] 95__M_Left_index  <-  95__M_Left_index_3.BMP  (50 minutiae)
  [2809/2985] 95__M_Left_little  <-  95__M_Left_little_1.BMP  (50 minutiae)
  [2810/2985] 95__M_Left_little  <-  95__M_Left_little_2.BMP  (50 minutiae)
  [2811/2985] 95__M_Left_little  <-  95__M_Left_little_3.BMP  (50 minutiae)
  [2812/2985] 95__M_Left_middle  <-  95__M_Left_middle_1.BMP  (50 minutiae)
  [2813/2985] 95__M_Left_middle  <-  95__M_Left_middle_2.BMP  (50 minutiae)
  [2814/2985] 95__M_Left_middle  <-  95__M_Left_middle_3.BMP  (50 minutiae)
  [2815/2985] 95__M_Left_ring  <-  95__M_Left_ring_1.BMP  (50 minutiae)
  [2816/2985] 95__M_Left_ring  <-  95__M_Left_ring_2.BMP  (50 minutiae)
  [2817/2985] 95__M_Left_ring  <-  95__M_Left_ring_3.BMP  (50 minutiae)
  [2818/2985] 95__M_Left_thumb  <-  95__M_Left_thumb_1.BMP  (50 minutiae)
  [2819/2985] 95__M_Left_thumb  <-  95__M_Left_thumb_2.BMP  (50 minutiae)
  [2820/2985] 95__M_Left_thumb  <-  95__M_Left_thumb_3.BMP  (50 minutiae)
  [2821/2985] 95__M_Right_index  <-  95__M_Right_index_1.BMP  (50 minutiae)
  [2822/2985] 95__M_Right_index  <-  95__M_Right_index_2.BMP  (50 minutiae)
  [2823/2985] 95__M_Right_index  <-  95__M_Right_index_3.BMP  (50 minutiae)
  [2824/2985] 95__M_Right_little  <-  95__M_Right_little_1.BMP  (50 minutiae)
  [2825/2985] 95__M_Right_little  <-  95__M_Right_little_2.BMP  (50 minutiae)
  [2826/2985] 95__M_Right_little  <-  95__M_Right_little_3.BMP  (50 minutiae)
  [2827/2985] 95__M_Right_middle  <-  95__M_Right_middle_1.BMP  (50 minutiae)
  [2828/2985] 95__M_Right_middle  <-  95__M_Right_middle_2.BMP  (50 minutiae)
  [2829/2985] 95__M_Right_middle  <-  95__M_Right_middle_3.BMP  (50 minutiae)
  [2830/2985] 95__M_Right_ring  <-  95__M_Right_ring_1.BMP  (50 minutiae)
  [2831/2985] 95__M_Right_ring  <-  95__M_Right_ring_2.BMP  (50 minutiae)
  [2832/2985] 95__M_Right_ring  <-  95__M_Right_ring_3.BMP  (50 minutiae)
  [2833/2985] 95__M_Right_thumb  <-  95__M_Right_thumb_1.BMP  (50 minutiae)
  [2834/2985] 95__M_Right_thumb  <-  95__M_Right_thumb_2.BMP  (50 minutiae)
  [2835/2985] 95__M_Right_thumb  <-  95__M_Right_thumb_3.BMP  (50 minutiae)
  [2836/2985] 96__M_Left_index  <-  96__M_Left_index_1.BMP  (50 minutiae)
  [2837/2985] 96__M_Left_index  <-  96__M_Left_index_2.BMP  (50 minutiae)
  [2838/2985] 96__M_Left_index  <-  96__M_Left_index_3.BMP  (50 minutiae)
  [2839/2985] 96__M_Left_little  <-  96__M_Left_little_1.BMP  (50 minutiae)
  [2840/2985] 96__M_Left_little  <-  96__M_Left_little_2.BMP  (50 minutiae)
  [2841/2985] 96__M_Left_little  <-  96__M_Left_little_3.BMP  (50 minutiae)
  [2842/2985] 96__M_Left_middle  <-  96__M_Left_middle_1.BMP  (50 minutiae)
  [2843/2985] 96__M_Left_middle  <-  96__M_Left_middle_2.BMP  (50 minutiae)
  [2844/2985] 96__M_Left_middle  <-  96__M_Left_middle_3.BMP  (50 minutiae)
  [2845/2985] 96__M_Left_ring  <-  96__M_Left_ring_1.BMP  (50 minutiae)
  [2846/2985] 96__M_Left_ring  <-  96__M_Left_ring_2.BMP  (50 minutiae)
  [2847/2985] 96__M_Left_ring  <-  96__M_Left_ring_3.BMP  (50 minutiae)
  [2848/2985] 96__M_Left_thumb  <-  96__M_Left_thumb_1.BMP  (50 minutiae)
  [2849/2985] 96__M_Left_thumb  <-  96__M_Left_thumb_2.BMP  (50 minutiae)
  [2850/2985] 96__M_Left_thumb  <-  96__M_Left_thumb_3.BMP  (50 minutiae)
  [2851/2985] 96__M_Right_index  <-  96__M_Right_index_1.BMP  (50 minutiae)
  [2852/2985] 96__M_Right_index  <-  96__M_Right_index_2.BMP  (50 minutiae)
  [2853/2985] 96__M_Right_index  <-  96__M_Right_index_3.BMP  (50 minutiae)
  [2854/2985] 96__M_Right_little  <-  96__M_Right_little_1.BMP  (50 minutiae)
  [2855/2985] 96__M_Right_little  <-  96__M_Right_little_2.BMP  (50 minutiae)
  [2856/2985] 96__M_Right_little  <-  96__M_Right_little_3.BMP  (50 minutiae)
  [2857/2985] 96__M_Right_middle  <-  96__M_Right_middle_1.BMP  (50 minutiae)
  [2858/2985] 96__M_Right_middle  <-  96__M_Right_middle_2.BMP  (50 minutiae)
  [2859/2985] 96__M_Right_middle  <-  96__M_Right_middle_3.BMP  (50 minutiae)
  [2860/2985] 96__M_Right_ring  <-  96__M_Right_ring_1.BMP  (50 minutiae)
  [2861/2985] 96__M_Right_ring  <-  96__M_Right_ring_2.BMP  (50 minutiae)
  [2862/2985] 96__M_Right_ring  <-  96__M_Right_ring_3.BMP  (50 minutiae)
  [2863/2985] 96__M_Right_thumb  <-  96__M_Right_thumb_1.BMP  (50 minutiae)
  [2864/2985] 96__M_Right_thumb  <-  96__M_Right_thumb_2.BMP  (50 minutiae)
  [2865/2985] 96__M_Right_thumb  <-  96__M_Right_thumb_3.BMP  (50 minutiae)
  [2866/2985] 97__M_Left_index  <-  97__M_Left_index_1.BMP  (50 minutiae)
  [2867/2985] 97__M_Left_index  <-  97__M_Left_index_2.BMP  (50 minutiae)
  [2868/2985] 97__M_Left_index  <-  97__M_Left_index_3.BMP  (50 minutiae)
  [2869/2985] 97__M_Left_little  <-  97__M_Left_little_1.BMP  (50 minutiae)
  [2870/2985] 97__M_Left_little  <-  97__M_Left_little_2.BMP  (50 minutiae)
  [2871/2985] 97__M_Left_little  <-  97__M_Left_little_3.BMP  (50 minutiae)
  [2872/2985] 97__M_Left_middle  <-  97__M_Left_middle_1.BMP  (50 minutiae)
  [2873/2985] 97__M_Left_middle  <-  97__M_Left_middle_2.BMP  (50 minutiae)
  [2874/2985] 97__M_Left_middle  <-  97__M_Left_middle_3.BMP  (50 minutiae)
  [2875/2985] 97__M_Left_ring  <-  97__M_Left_ring_1.BMP  (50 minutiae)
  [2876/2985] 97__M_Left_ring  <-  97__M_Left_ring_2.BMP  (50 minutiae)
  [2877/2985] 97__M_Left_ring  <-  97__M_Left_ring_3.BMP  (50 minutiae)
  [2878/2985] 97__M_Left_thumb  <-  97__M_Left_thumb_1.BMP  (50 minutiae)
  [2879/2985] 97__M_Left_thumb  <-  97__M_Left_thumb_2.BMP  (50 minutiae)
  [2880/2985] 97__M_Left_thumb  <-  97__M_Left_thumb_3.BMP  (50 minutiae)
  [2881/2985] 97__M_Right_index  <-  97__M_Right_index_1.BMP  (50 minutiae)
  [2882/2985] 97__M_Right_index  <-  97__M_Right_index_2.BMP  (50 minutiae)
  [2883/2985] 97__M_Right_index  <-  97__M_Right_index_3.BMP  (50 minutiae)
  [2884/2985] 97__M_Right_little  <-  97__M_Right_little_1.BMP  (50 minutiae)
  [2885/2985] 97__M_Right_little  <-  97__M_Right_little_2.BMP  (50 minutiae)
  [2886/2985] 97__M_Right_little  <-  97__M_Right_little_3.BMP  (50 minutiae)
  [2887/2985] 97__M_Right_middle  <-  97__M_Right_middle_1.BMP  (50 minutiae)
  [2888/2985] 97__M_Right_middle  <-  97__M_Right_middle_2.BMP  (50 minutiae)
  [2889/2985] 97__M_Right_middle  <-  97__M_Right_middle_3.BMP  (50 minutiae)
  [2890/2985] 97__M_Right_ring  <-  97__M_Right_ring_1.BMP  (50 minutiae)
  [2891/2985] 97__M_Right_ring  <-  97__M_Right_ring_2.BMP  (50 minutiae)
  [2892/2985] 97__M_Right_ring  <-  97__M_Right_ring_3.BMP  (50 minutiae)
  [2893/2985] 97__M_Right_thumb  <-  97__M_Right_thumb_1.BMP  (50 minutiae)
  [2894/2985] 97__M_Right_thumb  <-  97__M_Right_thumb_2.BMP  (50 minutiae)
  [2895/2985] 97__M_Right_thumb  <-  97__M_Right_thumb_3.BMP  (50 minutiae)
  [2896/2985] 98__M_Left_index  <-  98__M_Left_index_1.BMP  (50 minutiae)
  [2897/2985] 98__M_Left_index  <-  98__M_Left_index_2.BMP  (50 minutiae)
  [2898/2985] 98__M_Left_index  <-  98__M_Left_index_3.BMP  (50 minutiae)
  [2899/2985] 98__M_Left_little  <-  98__M_Left_little_1.BMP  (50 minutiae)
  [2900/2985] 98__M_Left_little  <-  98__M_Left_little_2.BMP  (50 minutiae)
  [2901/2985] 98__M_Left_little  <-  98__M_Left_little_3.BMP  (50 minutiae)
  [2902/2985] 98__M_Left_middle  <-  98__M_Left_middle_1.BMP  (50 minutiae)
  [2903/2985] 98__M_Left_middle  <-  98__M_Left_middle_2.BMP  (50 minutiae)
  [2904/2985] 98__M_Left_middle  <-  98__M_Left_middle_3.BMP  (50 minutiae)
  [2905/2985] 98__M_Left_ring  <-  98__M_Left_ring_1.BMP  (50 minutiae)
  [2906/2985] 98__M_Left_ring  <-  98__M_Left_ring_2.BMP  (50 minutiae)
  [2907/2985] 98__M_Left_ring  <-  98__M_Left_ring_3.BMP  (50 minutiae)
  [2908/2985] 98__M_Left_thumb  <-  98__M_Left_thumb_1.BMP  (50 minutiae)
  [2909/2985] 98__M_Left_thumb  <-  98__M_Left_thumb_2.BMP  (50 minutiae)
  [2910/2985] 98__M_Left_thumb  <-  98__M_Left_thumb_3.BMP  (50 minutiae)
  [2911/2985] 98__M_Right_index  <-  98__M_Right_index_1.BMP  (50 minutiae)
  [2912/2985] 98__M_Right_index  <-  98__M_Right_index_2.BMP  (50 minutiae)
  [2913/2985] 98__M_Right_index  <-  98__M_Right_index_3.BMP  (50 minutiae)
  [2914/2985] 98__M_Right_little  <-  98__M_Right_little_1.BMP  (50 minutiae)
  [2915/2985] 98__M_Right_little  <-  98__M_Right_little_2.BMP  (50 minutiae)
  [2916/2985] 98__M_Right_little  <-  98__M_Right_little_3.BMP  (50 minutiae)
  [2917/2985] 98__M_Right_middle  <-  98__M_Right_middle_1.BMP  (50 minutiae)
  [2918/2985] 98__M_Right_middle  <-  98__M_Right_middle_2.BMP  (50 minutiae)
  [2919/2985] 98__M_Right_middle  <-  98__M_Right_middle_3.BMP  (50 minutiae)
  [2920/2985] 98__M_Right_ring  <-  98__M_Right_ring_1.BMP  (50 minutiae)
  [2921/2985] 98__M_Right_ring  <-  98__M_Right_ring_2.BMP  (50 minutiae)
  [2922/2985] 98__M_Right_ring  <-  98__M_Right_ring_3.BMP  (50 minutiae)
  [2923/2985] 98__M_Right_thumb  <-  98__M_Right_thumb_1.BMP  (50 minutiae)
  [2924/2985] 98__M_Right_thumb  <-  98__M_Right_thumb_2.BMP  (50 minutiae)
  [2925/2985] 98__M_Right_thumb  <-  98__M_Right_thumb_3.BMP  (50 minutiae)
  [2926/2985] 99__M_Left_index  <-  99__M_Left_index_1.BMP  (50 minutiae)
  [2927/2985] 99__M_Left_index  <-  99__M_Left_index_2.BMP  (50 minutiae)
  [2928/2985] 99__M_Left_index  <-  99__M_Left_index_3.BMP  (50 minutiae)
  [2929/2985] 99__M_Left_little  <-  99__M_Left_little_1.BMP  (50 minutiae)
  [2930/2985] 99__M_Left_little  <-  99__M_Left_little_2.BMP  (50 minutiae)
  [2931/2985] 99__M_Left_little  <-  99__M_Left_little_3.BMP  (50 minutiae)
  [2932/2985] 99__M_Left_middle  <-  99__M_Left_middle_1.BMP  (50 minutiae)
  [2933/2985] 99__M_Left_middle  <-  99__M_Left_middle_2.BMP  (50 minutiae)
  [2934/2985] 99__M_Left_middle  <-  99__M_Left_middle_3.BMP  (50 minutiae)
  [2935/2985] 99__M_Left_ring  <-  99__M_Left_ring_1.BMP  (50 minutiae)
  [2936/2985] 99__M_Left_ring  <-  99__M_Left_ring_2.BMP  (50 minutiae)
  [2937/2985] 99__M_Left_ring  <-  99__M_Left_ring_3.BMP  (50 minutiae)
  [2938/2985] 99__M_Left_thumb  <-  99__M_Left_thumb_1.BMP  (50 minutiae)
  [2939/2985] 99__M_Left_thumb  <-  99__M_Left_thumb_2.BMP  (50 minutiae)
  [2940/2985] 99__M_Left_thumb  <-  99__M_Left_thumb_3.BMP  (50 minutiae)
  [2941/2985] 99__M_Right_index  <-  99__M_Right_index_1.BMP  (50 minutiae)
  [2942/2985] 99__M_Right_index  <-  99__M_Right_index_2.BMP  (50 minutiae)
  [2943/2985] 99__M_Right_index  <-  99__M_Right_index_3.BMP  (50 minutiae)
  [2944/2985] 99__M_Right_little  <-  99__M_Right_little_1.BMP  (50 minutiae)
  [2945/2985] 99__M_Right_little  <-  99__M_Right_little_2.BMP  (50 minutiae)
  [2946/2985] 99__M_Right_little  <-  99__M_Right_little_3.BMP  (50 minutiae)
  [2947/2985] 99__M_Right_middle  <-  99__M_Right_middle_1.BMP  (50 minutiae)
  [2948/2985] 99__M_Right_middle  <-  99__M_Right_middle_2.BMP  (50 minutiae)
  [2949/2985] 99__M_Right_middle  <-  99__M_Right_middle_3.BMP  (50 minutiae)
  [2950/2985] 99__M_Right_ring  <-  99__M_Right_ring_1.BMP  (50 minutiae)
  [2951/2985] 99__M_Right_ring  <-  99__M_Right_ring_2.BMP  (50 minutiae)
  [2952/2985] 99__M_Right_ring  <-  99__M_Right_ring_3.BMP  (50 minutiae)
  [2953/2985] 99__M_Right_thumb  <-  99__M_Right_thumb_1.BMP  (50 minutiae)
  [2954/2985] 99__M_Right_thumb  <-  99__M_Right_thumb_2.BMP  (50 minutiae)
  [2955/2985] 99__M_Right_thumb  <-  99__M_Right_thumb_3.BMP  (50 minutiae)
  [2956/2985] 9__M_Left_index  <-  9__M_Left_index_1.BMP  (50 minutiae)
  [2957/2985] 9__M_Left_index  <-  9__M_Left_index_2.BMP  (50 minutiae)
  [2958/2985] 9__M_Left_index  <-  9__M_Left_index_3.BMP  (50 minutiae)
  [2959/2985] 9__M_Left_little  <-  9__M_Left_little_1.BMP  (50 minutiae)
  [2960/2985] 9__M_Left_little  <-  9__M_Left_little_2.BMP  (50 minutiae)
  [2961/2985] 9__M_Left_little  <-  9__M_Left_little_3.BMP  (50 minutiae)
  [2962/2985] 9__M_Left_middle  <-  9__M_Left_middle_1.BMP  (50 minutiae)
  [2963/2985] 9__M_Left_middle  <-  9__M_Left_middle_2.BMP  (50 minutiae)
  [2964/2985] 9__M_Left_middle  <-  9__M_Left_middle_3.BMP  (50 minutiae)
  [2965/2985] 9__M_Left_ring  <-  9__M_Left_ring_1.BMP  (50 minutiae)  (matplotlib not installed — skipping plots)

  [2966/2985] 9__M_Left_ring  <-  9__M_Left_ring_2.BMP  (50 minutiae)
  [2967/2985] 9__M_Left_ring  <-  9__M_Left_ring_3.BMP  (50 minutiae)
  [2968/2985] 9__M_Left_thumb  <-  9__M_Left_thumb_1.BMP  (50 minutiae)
  [2969/2985] 9__M_Left_thumb  <-  9__M_Left_thumb_2.BMP  (50 minutiae)
  [2970/2985] 9__M_Left_thumb  <-  9__M_Left_thumb_3.BMP  (50 minutiae)
  [2971/2985] 9__M_Right_index  <-  9__M_Right_index_1.BMP  (50 minutiae)
  [2972/2985] 9__M_Right_index  <-  9__M_Right_index_2.BMP  (50 minutiae)
  [2973/2985] 9__M_Right_index  <-  9__M_Right_index_3.BMP  (50 minutiae)
  [2974/2985] 9__M_Right_little  <-  9__M_Right_little_1.BMP  (50 minutiae)
  [2975/2985] 9__M_Right_little  <-  9__M_Right_little_2.BMP  (50 minutiae)
  [2976/2985] 9__M_Right_little  <-  9__M_Right_little_3.BMP  (50 minutiae)
  [2977/2985] 9__M_Right_middle  <-  9__M_Right_middle_1.BMP  (50 minutiae)
  [2978/2985] 9__M_Right_middle  <-  9__M_Right_middle_2.BMP  (50 minutiae)
  [2979/2985] 9__M_Right_middle  <-  9__M_Right_middle_3.BMP  (50 minutiae)
  [2980/2985] 9__M_Right_ring  <-  9__M_Right_ring_1.BMP  (50 minutiae)
  [2981/2985] 9__M_Right_ring  <-  9__M_Right_ring_2.BMP  (50 minutiae)
  [2982/2985] 9__M_Right_ring  <-  9__M_Right_ring_3.BMP  (50 minutiae)
  [2983/2985] 9__M_Right_thumb  <-  9__M_Right_thumb_1.BMP  (50 minutiae)
  [2984/2985] 9__M_Right_thumb  <-  9__M_Right_thumb_2.BMP  (50 minutiae)
  [2985/2985] 9__M_Right_thumb  <-  9__M_Right_thumb_3.BMP  (50 minutiae)
Usable: 2985 images, 1000 identities (994 with >=2 impressions), 0 dropped.
Scoring pairs ...

──────────────────────────────────────────────────────────
  FAR / FRR CALIBRATION SUMMARY
──────────────────────────────────────────────────────────
  genuine pairs   :   2976   mean  34.84  sd 22.13
  impostor pairs  :  20000   mean  12.61  sd  3.40
  separation      :  22.24  (genuine_mean − impostor_mean)
──────────────────────────────────────────────────────────
  EER             :  20.28%   at threshold 14.5
  operating points (pick threshold for a target false-accept rate):
    target FAR | threshold | actual FAR |     FRR
         1.00% |     22.50 |      0.77% |  41.87%
         0.10% |     26.50 |      0.10% |  49.87%
──────────────────────────────────────────────────────────
  Set FINGERPRINT_MATCH_THRESHOLD (in laravel/.env and python-service/.env)
  to the threshold whose FAR your deployment tolerates.
  Lower threshold = fewer false rejects, more false accepts.
──────────────────────────────────────────────────────────

Wrote scores.csv, roc.csv, calibration_report.json to calibration_out/socofing_enhance/
